,ema_fast,ema_slow,rsi_long,rsi_short,total_return,cagr,sharpe,sortino,max_dd,profit_factor,trades
1,25,100,60,35,5410.73,95.11,1.4374,1.8062,-53.99,1.0508,84
2,8,200,65,40,4657.62,90.39,1.3955,1.7658,-56.71,1.0493,103
3,5,75,50,50,4441.19,88.92,1.3898,1.7358,-54.72,1.0498,20
4,5,200,70,40,4326.48,88.11,1.3746,1.741,-62.18,1.0485,153
5,25,100,60,30,4275.79,87.75,1.3715,1.7222,-54.1,1.0484,90
6,5,200,65,40,4032.61,85.97,1.3562,1.7144,-60.02,1.048,135
7,20,30,65,45,3903.45,84.99,1.3437,1.6946,-57.14,1.0473,77
8,5,200,60,40,3716.23,83.52,1.3335,1.6866,-56.75,1.0471,107
9,10,200,70,40,3431.77,81.16,1.3104,1.6547,-55.06,1.0462,87
10,10,200,65,40,3313.14,80.14,1.3006,1.6457,-57.79,1.0459,79
11,20,30,60,45,3257.9,79.65,1.2936,1.6294,-57.14,1.0455,75
12,8,200,70,40,2943.54,76.73,1.2678,1.6033,-55.9,1.0447,111
13,20,30,65,40,2837.83,75.69,1.2552,1.5872,-51.14,1.0441,231
14,25,150,60,40,2781.09,75.12,1.2535,1.5678,-55.78,1.0443,35
15,15,200,70,40,2774.8,75.05,1.2517,1.5756,-56.56,1.0441,63
16,20,50,65,40,2793.64,75.24,1.251,1.583,-58.51,1.044,138
17,12,100,55,45,2729.09,74.59,1.2471,1.5711,-55.35,1.0439,30
18,25,150,70,40,2681.86,74.1,1.2424,1.5531,-59.6,1.0438,57
19,20,50,70,40,2648.55,73.75,1.2364,1.5614,-58.51,1.0434,145
20,25,150,55,45,2534.95,72.53,1.2289,1.5331,-60.61,1.0436,8
21,20,30,70,40,2559.94,72.8,1.2268,1.5505,-52.51,1.0431,243
22,25,150,65,40,2532.1,72.5,1.2266,1.533,-61.38,1.0432,53
23,25,30,70,45,2546.26,72.65,1.2257,1.5414,-54.72,1.0431,81
24,5,150,65,40,2430.75,71.37,1.2146,1.536,-62.08,1.0427,153
25,20,30,70,45,2392.95,70.94,1.2088,1.5223,-57.14,1.0425,79
26,25,75,65,40,2375.0,70.74,1.2067,1.5225,-57.92,1.0424,81
27,25,30,65,45,2373.99,70.73,1.2066,1.5184,-54.72,1.0424,75
28,20,200,70,40,2289.64,69.74,1.1988,1.5146,-56.94,1.0422,51
29,15,200,60,45,2242.6,69.18,1.1941,1.5038,-57.42,1.0421,15
30,25,100,65,35,2190.37,68.54,1.1865,1.4867,-56.21,1.0417,115
31,25,30,65,40,2182.08,68.44,1.1835,1.4935,-55.16,1.0415,169
32,8,75,60,50,2141.95,67.95,1.1805,1.4833,-74.05,1.0415,19
33,10,50,70,45,2122.31,67.7,1.1757,1.4813,-60.03,1.0413,133
34,8,50,55,50,2014.56,66.32,1.162,1.4593,-61.01,1.0408,21
35,25,100,65,30,1978.72,65.84,1.1588,1.453,-56.31,1.0407,133
36,20,100,70,40,1960.02,65.59,1.1562,1.4507,-65.37,1.0406,77
37,10,200,65,45,1803.34,63.42,1.1339,1.4247,-60.0,1.0399,33
38,20,75,55,40,1763.54,62.85,1.1292,1.4173,-68.15,1.0399,33
39,20,100,65,40,1771.14,62.96,1.1287,1.4195,-65.37,1.0397,73
40,8,200,60,40,1751.98,62.68,1.1268,1.4155,-72.96,1.0397,73
41,8,150,70,40,1701.93,61.94,1.1177,1.4101,-63.57,1.0393,107
42,15,100,65,40,1699.25,61.9,1.1174,1.4056,-63.47,1.0393,101
43,15,200,70,35,1686.4,61.7,1.1156,1.403,-54.64,1.0392,96
44,15,200,70,45,1681.87,61.64,1.1151,1.402,-65.63,1.0392,19
45,15,200,65,45,1681.87,61.64,1.1151,1.402,-65.63,1.0392,19
46,25,30,70,40,1691.82,61.79,1.1145,1.4027,-56.11,1.0391,183
47,25,100,70,35,1657.65,61.27,1.1109,1.3905,-62.81,1.039,127
48,5,150,65,35,1645.98,61.09,1.1085,1.3959,-66.55,1.0389,204
49,8,200,65,45,1624.54,60.76,1.1057,1.39,-64.93,1.0389,51
50,12,100,70,40,1575.05,59.98,1.0969,1.3779,-60.69,1.0385,141
51,15,100,60,40,1573.71,59.96,1.0968,1.3781,-58.73,1.0385,85
52,25,75,65,35,1523.28,59.14,1.0866,1.3677,-56.56,1.0381,126
53,25,150,60,45,1504.04,58.83,1.0858,1.3565,-65.23,1.0382,17
54,10,200,70,35,1505.22,58.85,1.0849,1.3696,-51.95,1.0381,123
55,8,75,60,40,1496.32,58.7,1.0831,1.3671,-56.56,1.038,156
56,8,75,55,50,1486.36,58.53,1.0817,1.3632,-74.05,1.038,15
57,5,200,70,35,1485.39,58.52,1.0812,1.366,-68.88,1.038,199
58,20,50,60,40,1492.19,58.63,1.0811,1.3639,-56.14,1.0379,102
59,20,100,60,40,1476.28,58.37,1.0798,1.3559,-64.63,1.0379,65
60,15,50,65,40,1472.68,58.31,1.0774,1.3551,-61.98,1.0377,176
61,5,50,55,50,1468.4,58.23,1.0768,1.357,-75.09,1.0377,35
62,5,150,60,40,1412.89,57.29,1.0678,1.3504,-59.25,1.0375,115
63,25,75,65,45,1413.06,57.29,1.0666,1.3401,-54.92,1.0374,27
64,25,75,70,45,1404.05,57.13,1.0649,1.3379,-55.19,1.0373,29
65,5,200,70,45,1392.34,56.93,1.0642,1.3378,-70.5,1.0374,91
66,20,30,55,45,1396.12,56.99,1.0634,1.3408,-57.14,1.0372,57
67,25,150,70,45,1379.8,56.71,1.062,1.3273,-63.47,1.0373,17
68,25,75,60,35,1384.03,56.78,1.0611,1.3329,-54.21,1.0372,98
69,20,150,70,40,1353.91,56.25,1.0557,1.3317,-63.46,1.037,51
70,10,200,65,35,1342.3,56.04,1.0544,1.3294,-59.88,1.037,107
71,5,50,65,50,1344.54,56.08,1.0534,1.3257,-73.78,1.0369,45
72,5,50,60,50,1333.19,55.87,1.0511,1.3233,-73.78,1.0368,45
73,20,100,70,35,1324.4,55.71,1.0507,1.3217,-64.19,1.0369,133
74,15,50,60,40,1301.39,55.29,1.0446,1.317,-73.34,1.0366,148
75,25,150,65,45,1289.13,55.06,1.044,1.304,-65.7,1.0367,17
76,5,50,70,50,1281.59,54.92,1.0407,1.3096,-73.78,1.0364,45
77,5,200,65,35,1271.46,54.73,1.0405,1.309,-67.04,1.0366,175
78,15,150,65,40,1248.59,54.3,1.0354,1.2996,-70.17,1.0364,57
79,5,150,50,50,1206.53,53.49,1.0331,1.2687,-63.54,1.0372,18
80,20,100,65,35,1234.3,54.03,1.0321,1.2968,-66.49,1.0362,119
81,15,50,60,45,1231.47,53.97,1.0302,1.2901,-80.38,1.0361,75
82,10,200,70,45,1221.4,53.78,1.0296,1.2925,-74.34,1.0362,33
83,20,150,70,35,1222.51,53.8,1.0287,1.2904,-73.23,1.0361,104
84,8,150,65,40,1199.78,53.36,1.0245,1.2921,-61.97,1.0359,103
85,15,100,70,40,1190.82,53.18,1.0225,1.2813,-60.48,1.0359,105
86,12,200,60,50,1180.11,52.97,1.0212,1.2789,-77.2,1.0359,7
87,5,150,60,35,1179.02,52.94,1.0198,1.2849,-64.06,1.0358,144
88,12,200,65,50,1158.46,52.53,1.0157,1.2728,-77.2,1.0357,7
89,12,200,70,50,1158.46,52.53,1.0157,1.2728,-77.2,1.0357,7
90,12,200,70,40,1127.13,51.89,1.0084,1.2673,-64.36,1.0354,77
91,25,150,60,30,1122.99,51.81,1.0081,1.2656,-57.15,1.0354,60
92,5,150,50,40,1116.31,51.67,1.0072,1.2639,-54.33,1.0356,29
93,5,200,65,45,1114.93,51.64,1.0061,1.2625,-77.49,1.0354,83
94,10,200,70,50,1113.87,51.62,1.0054,1.2603,-77.72,1.0353,9
95,5,75,60,40,1110.82,51.55,1.004,1.2644,-62.63,1.0352,274
96,25,75,70,40,1107.88,51.49,1.0024,1.2634,-58.17,1.0351,91
97,5,30,55,50,1106.42,51.46,1.0021,1.2601,-77.2,1.0351,5
98,5,75,55,50,1080.97,50.92,0.9972,1.2627,-84.71,1.035,34
99,10,200,65,50,1077.95,50.86,0.9968,1.2503,-77.72,1.035,9
100,5,150,55,40,1077.83,50.86,0.9965,1.2576,-62.1,1.0349,65
101,8,100,60,40,1068.7,50.66,0.9942,1.2538,-58.09,1.0349,139
102,25,100,60,40,1063.06,50.54,0.993,1.2413,-65.1,1.0348,57
103,25,75,60,40,1062.63,50.53,0.9916,1.2435,-61.36,1.0347,72
104,15,50,70,40,1057.71,50.42,0.9901,1.2437,-76.22,1.0346,194
105,8,200,70,45,1043.52,50.12,0.9882,1.241,-77.09,1.0347,53
106,10,50,60,45,1038.03,49.99,0.9854,1.2369,-78.93,1.0345,125
107,15,50,65,45,1034.82,49.92,0.9846,1.2351,-63.95,1.0344,77
108,20,30,70,35,1034.39,49.91,0.9841,1.2452,-61.95,1.0344,329
109,10,50,70,40,1026.05,49.73,0.982,1.2394,-60.83,1.0343,284
110,12,50,65,45,1024.24,49.69,0.9819,1.2318,-59.97,1.0343,101
111,25,100,70,40,996.01,49.06,0.9759,1.225,-59.05,1.0342,65
112,12,100,65,40,995.82,49.05,0.9758,1.2252,-60.69,1.0342,133
113,25,100,70,30,990.15,48.92,0.9744,1.2184,-76.05,1.0341,159
114,5,75,60,50,981.3,48.72,0.972,1.2233,-84.35,1.0341,55
115,5,200,60,35,972.15,48.51,0.9702,1.2196,-76.94,1.0341,125
116,15,75,55,50,949.67,47.99,0.9701,1.187,-67.38,1.035,3
117,5,150,55,30,972.36,48.52,0.9696,1.2195,-61.22,1.034,80
118,10,50,60,40,977.39,48.63,0.9696,1.2246,-78.65,1.0339,222
119,8,200,70,50,959.43,48.22,0.9665,1.2118,-79.18,1.0339,23
120,10,150,60,50,958.91,48.2,0.9661,1.2149,-79.93,1.0339,15
121,5,150,70,40,960.23,48.23,0.9661,1.2175,-62.4,1.0338,171
122,12,100,55,40,945.32,47.88,0.9626,1.2082,-77.0,1.0337,46
123,10,75,60,50,941.22,47.79,0.9613,1.2072,-78.17,1.0337,7
124,20,50,70,35,937.03,47.69,0.9588,1.2082,-74.21,1.0335,214
125,25,75,70,35,935.8,47.66,0.9586,1.206,-65.59,1.0335,148
126,8,75,70,50,933.66,47.61,0.9581,1.2033,-74.05,1.0335,19
127,8,75,65,50,933.66,47.61,0.9581,1.2033,-74.05,1.0335,19
128,25,30,70,35,931.96,47.57,0.9574,1.2049,-79.2,1.0335,278
129,8,200,65,50,923.1,47.36,0.9565,1.1986,-79.32,1.0335,23
130,15,100,55,40,914.75,47.15,0.954,1.2015,-68.91,1.0334,33
131,12,200,70,45,912.57,47.1,0.9535,1.1962,-78.52,1.0334,33
132,20,200,55,45,902.95,46.87,0.9513,1.1931,-61.05,1.0334,14
133,20,100,70,30,903.43,46.88,0.9506,1.192,-64.65,1.0333,171
134,5,200,60,45,899.94,46.79,0.9504,1.1925,-80.37,1.0334,73
135,20,75,65,40,904.29,46.9,0.9498,1.1968,-60.94,1.0332,102
136,10,200,60,40,897.47,46.73,0.9497,1.1919,-75.24,1.0334,67
137,10,200,60,45,890.92,46.57,0.9479,1.1863,-79.92,1.0333,27
138,10,50,60,50,880.68,46.32,0.9431,1.1859,-77.82,1.033,15
139,10,50,65,50,871.92,46.1,0.9406,1.1826,-77.82,1.0329,15
140,10,50,70,50,871.92,46.1,0.9406,1.1826,-77.82,1.0329,15
141,15,200,65,40,867.57,45.99,0.9405,1.1796,-60.87,1.033,52
142,5,150,55,35,867.03,45.98,0.9401,1.1829,-59.68,1.0329,76
143,8,150,60,50,859.4,45.79,0.9379,1.1798,-80.27,1.0328,17
144,5,150,50,30,854.97,45.67,0.9378,1.1731,-56.31,1.0331,35
145,8,50,60,50,861.87,45.85,0.9376,1.1793,-79.13,1.0328,27
146,10,150,70,40,853.25,45.63,0.936,1.1739,-61.63,1.0328,97
147,25,100,55,35,850.03,45.55,0.9353,1.1724,-59.22,1.0328,34
148,10,50,65,45,853.68,45.64,0.935,1.1719,-79.17,1.0327,133
149,5,30,70,50,851.27,45.58,0.9344,1.1743,-77.2,1.0327,5
150,5,30,65,50,851.27,45.58,0.9344,1.1743,-77.2,1.0327,5
151,5,30,60,50,851.27,45.58,0.9344,1.1743,-77.2,1.0327,5
152,15,30,70,45,846.2,45.45,0.9328,1.177,-63.48,1.0326,95
153,10,100,60,40,834.72,45.15,0.9304,1.1729,-59.02,1.0326,117
154,15,30,70,40,838.61,45.25,0.9302,1.1754,-67.8,1.0325,271
155,25,150,60,35,826.63,44.94,0.9287,1.1619,-57.55,1.0326,54
156,8,50,65,50,831.49,45.07,0.9284,1.1676,-77.84,1.0325,27
157,8,200,55,40,823.39,44.86,0.9281,1.1643,-78.85,1.0328,44
158,8,50,70,50,827.39,44.96,0.9272,1.1659,-77.84,1.0324,27
159,25,200,65,45,820.55,44.78,0.9271,1.159,-72.8,1.0327,11
160,15,150,60,40,818.93,44.74,0.9269,1.1502,-86.88,1.0327,45
161,25,75,60,30,825.92,44.92,0.9267,1.166,-55.99,1.0324,112
162,10,50,55,50,818.3,44.72,0.9249,1.1629,-77.59,1.0324,11
163,25,75,60,45,817.65,44.71,0.9243,1.1564,-75.41,1.0323,27
164,15,100,65,35,814.02,44.61,0.924,1.1572,-69.13,1.0323,138
165,5,150,60,50,809.02,44.48,0.9225,1.1603,-75.73,1.0323,41
166,20,200,65,40,807.47,44.44,0.9222,1.1599,-72.44,1.0323,51
167,15,75,50,50,532.1,35.99,0.9205,1.0108,-50.08,1.0372,2
168,10,75,60,40,800.55,44.25,0.9197,1.1606,-61.44,1.0322,144
169,5,150,65,30,800.67,44.26,0.9196,1.1541,-71.42,1.0322,238
170,8,200,60,50,796.97,44.16,0.9194,1.1496,-79.39,1.0323,19
171,5,30,50,50,377.5,29.78,0.9192,0.8812,-35.03,1.0422,3
172,5,50,70,45,796.26,44.14,0.9171,1.155,-84.33,1.032,223
173,20,50,65,45,794.14,44.08,0.9168,1.1524,-74.16,1.032,38
174,20,150,65,40,791.49,44.01,0.9163,1.1511,-67.07,1.0321,47
175,12,75,70,35,788.52,43.93,0.9148,1.1484,-66.49,1.032,222
176,20,75,70,40,778.51,43.66,0.9117,1.1497,-60.5,1.0319,111
177,15,100,60,30,772.63,43.5,0.9109,1.1399,-69.55,1.0319,118
178,25,200,70,45,769.99,43.43,0.9101,1.1432,-72.8,1.0319,11
179,20,75,60,40,767.92,43.37,0.9083,1.1434,-61.57,1.0317,82
180,15,200,60,40,756.41,43.05,0.9061,1.1376,-59.0,1.0318,38
181,8,100,65,40,757.9,43.09,0.9058,1.1421,-65.74,1.0317,175
182,15,150,65,35,755.83,43.03,0.9054,1.134,-69.96,1.0317,91
183,12,50,60,40,750.75,42.89,0.9025,1.1365,-76.17,1.0315,186
184,20,150,60,50,749.14,42.85,0.9024,1.1328,-77.2,1.0316,1
185,20,150,70,50,749.14,42.85,0.9024,1.1328,-77.2,1.0316,1
186,20,150,65,50,749.14,42.85,0.9024,1.1328,-77.2,1.0316,1
187,25,200,60,50,736.91,42.5,0.8999,1.1218,-77.2,1.0317,1
188,25,200,65,50,736.91,42.5,0.8999,1.1218,-77.2,1.0317,1
189,25,50,55,50,735.33,42.46,0.8995,1.119,-77.2,1.0317,1
190,20,150,55,50,735.01,42.45,0.8994,1.1191,-77.2,1.0317,1
191,25,150,55,50,735.01,42.45,0.8994,1.1191,-77.2,1.0317,1
192,15,150,60,50,733.22,42.4,0.8988,1.1183,-77.2,1.0317,1
193,20,50,70,45,738.56,42.55,0.8985,1.1291,-74.16,1.0314,39
194,12,30,55,50,738.0,42.53,0.8984,1.1284,-77.2,1.0314,1
195,15,30,55,50,738.0,42.53,0.8984,1.1284,-77.2,1.0314,1
196,10,30,70,50,736.94,42.5,0.898,1.1282,-77.2,1.0314,1
197,10,30,65,50,736.94,42.5,0.898,1.1282,-77.2,1.0314,1
198,10,30,60,50,736.94,42.5,0.898,1.1282,-77.2,1.0314,1
199,10,30,55,50,736.94,42.5,0.898,1.1282,-77.2,1.0314,1
200,20,30,55,50,736.21,42.48,0.8977,1.1278,-77.2,1.0314,1
201,20,30,70,50,736.21,42.48,0.8977,1.1278,-77.2,1.0314,1
202,20,50,70,50,736.21,42.48,0.8977,1.1278,-77.2,1.0314,1
203,20,50,65,50,736.21,42.48,0.8977,1.1278,-77.2,1.0314,1
204,20,30,60,50,736.21,42.48,0.8977,1.1278,-77.2,1.0314,1
205,20,50,60,50,736.21,42.48,0.8977,1.1278,-77.2,1.0314,1
206,20,30,65,50,736.21,42.48,0.8977,1.1278,-77.2,1.0314,1
207,20,50,55,50,736.21,42.48,0.8977,1.1278,-77.2,1.0314,1
208,15,20,60,50,735.85,42.47,0.8976,1.1278,-77.2,1.0314,3
209,15,20,55,50,735.85,42.47,0.8976,1.1278,-77.2,1.0314,3
210,15,20,70,50,735.85,42.47,0.8976,1.1278,-77.2,1.0314,3
211,15,20,65,50,735.85,42.47,0.8976,1.1278,-77.2,1.0314,3
212,12,50,65,40,735.97,42.48,0.8975,1.1283,-58.99,1.0313,218
213,20,100,65,30,732.9,42.39,0.8975,1.1259,-68.51,1.0314,145
214,20,75,60,50,735.24,42.46,0.8974,1.1271,-77.2,1.0314,1
215,25,30,65,50,735.24,42.46,0.8974,1.1271,-77.2,1.0314,1
216,20,75,70,50,735.24,42.46,0.8974,1.1271,-77.2,1.0314,1
217,20,75,65,50,735.24,42.46,0.8974,1.1271,-77.2,1.0314,1
218,25,50,70,50,735.24,42.46,0.8974,1.1271,-77.2,1.0314,1
219,25,50,65,50,735.24,42.46,0.8974,1.1271,-77.2,1.0314,1
220,25,50,60,50,735.24,42.46,0.8974,1.1271,-77.2,1.0314,1
221,25,30,60,50,735.24,42.46,0.8974,1.1271,-77.2,1.0314,1
222,25,30,70,50,735.24,42.46,0.8974,1.1271,-77.2,1.0314,1
223,25,75,60,50,734.96,42.45,0.8973,1.127,-77.2,1.0314,1
224,25,75,70,50,734.96,42.45,0.8973,1.127,-77.2,1.0314,1
225,25,75,65,50,734.96,42.45,0.8973,1.127,-77.2,1.0314,1
226,12,30,60,50,733.82,42.41,0.8969,1.1268,-77.2,1.0313,1
227,12,30,65,50,733.82,42.41,0.8969,1.1268,-77.2,1.0313,1
228,12,30,70,50,733.82,42.41,0.8969,1.1268,-77.2,1.0313,1
229,12,20,65,50,732.87,42.39,0.8966,1.1265,-77.2,1.0313,3
230,12,20,55,50,732.87,42.39,0.8966,1.1265,-77.2,1.0313,3
231,12,20,60,50,732.87,42.39,0.8966,1.1265,-77.2,1.0313,3
232,12,20,70,50,732.87,42.39,0.8966,1.1265,-77.2,1.0313,3
233,15,30,70,50,732.44,42.38,0.8964,1.1262,-77.2,1.0313,1
234,15,30,60,50,732.44,42.38,0.8964,1.1262,-77.2,1.0313,1
235,15,30,65,50,732.44,42.38,0.8964,1.1262,-77.2,1.0313,1
236,25,75,55,45,726.24,42.2,0.8959,1.1247,-77.87,1.0314,17
237,20,75,65,35,728.79,42.27,0.8951,1.1296,-65.23,1.0313,156
238,10,20,55,50,728.35,42.26,0.895,1.1246,-77.42,1.0313,3
239,10,20,70,50,728.35,42.26,0.895,1.1246,-77.42,1.0313,3
240,10,20,65,50,728.35,42.26,0.895,1.1246,-77.42,1.0313,3
241,10,20,60,50,728.35,42.26,0.895,1.1246,-77.42,1.0313,3
242,12,100,60,50,725.27,42.17,0.8949,1.1253,-75.71,1.0313,11
243,5,150,60,30,725.84,42.19,0.8949,1.1238,-72.99,1.0313,160
244,12,30,70,45,725.7,42.18,0.8939,1.1295,-62.37,1.0312,171
245,15,50,70,50,724.66,42.15,0.8938,1.1229,-77.2,1.0312,5
246,15,50,65,50,724.66,42.15,0.8938,1.1229,-77.2,1.0312,5
247,25,75,55,50,719.09,41.99,0.8934,1.117,-77.2,1.0314,1
248,20,200,55,50,715.18,41.88,0.892,1.1155,-77.2,1.0313,1
249,8,30,55,50,718.49,41.98,0.8916,1.1202,-77.43,1.0312,5
250,25,150,60,50,713.1,41.82,0.8913,1.1147,-77.2,1.0313,1
251,15,200,60,50,712.63,41.81,0.8911,1.1144,-77.2,1.0313,1
252,20,200,60,50,711.79,41.78,0.8908,1.1141,-77.2,1.0313,1
253,10,150,60,35,712.98,41.82,0.8906,1.1171,-63.31,1.0312,87
254,8,30,70,50,714.14,41.85,0.8901,1.1185,-77.43,1.0311,5
255,8,30,65,50,714.14,41.85,0.8901,1.1185,-77.43,1.0311,5
256,5,150,50,35,708.33,41.68,0.89,1.1143,-53.96,1.0314,33
257,5,50,65,45,714.45,41.86,0.8899,1.1197,-80.87,1.0311,223
258,5,150,65,50,710.73,41.75,0.8898,1.1188,-71.92,1.0311,45
259,15,75,65,50,711.79,41.78,0.8893,1.117,-77.79,1.0311,3
260,15,75,70,50,711.79,41.78,0.8893,1.117,-77.79,1.0311,3
261,25,30,55,50,709.56,41.72,0.889,1.1145,-77.2,1.0311,1
262,10,150,70,50,706.03,41.61,0.8882,1.113,-76.89,1.0311,15
263,10,100,55,50,702.75,41.52,0.887,1.1123,-77.2,1.031,1
264,10,100,70,50,702.75,41.52,0.887,1.1123,-77.2,1.031,1
265,10,100,65,50,702.75,41.52,0.887,1.1123,-77.2,1.031,1
266,10,100,60,50,702.75,41.52,0.887,1.1123,-77.2,1.031,1
267,5,75,55,40,702.63,41.51,0.8868,1.118,-75.91,1.031,140
268,8,30,60,50,704.8,41.58,0.8868,1.1142,-77.43,1.031,5
269,25,100,60,50,701.76,41.49,0.8867,1.1119,-77.2,1.031,1
270,25,100,65,50,701.76,41.49,0.8867,1.1119,-77.2,1.031,1
271,25,100,70,50,701.76,41.49,0.8867,1.1119,-77.2,1.031,1
272,20,100,60,50,699.44,41.42,0.8859,1.1108,-77.2,1.031,1
273,20,100,70,50,699.44,41.42,0.8859,1.1108,-77.2,1.031,1
274,20,100,65,50,699.44,41.42,0.8859,1.1108,-77.2,1.031,1
275,5,20,60,50,701.72,41.49,0.8857,1.1127,-78.58,1.0309,35
276,25,100,55,50,698.51,41.39,0.8856,1.1097,-77.2,1.031,1
277,20,100,55,50,698.51,41.39,0.8856,1.1097,-77.2,1.031,1
278,15,50,60,50,700.34,41.45,0.8852,1.1122,-77.2,1.0309,5
279,12,75,70,40,699.93,41.43,0.8849,1.112,-70.9,1.0309,152
280,15,20,70,40,699.5,41.42,0.8843,1.1268,-64.37,1.0308,465
281,20,200,65,50,694.5,41.27,0.8842,1.1076,-77.2,1.031,1
282,15,200,65,50,694.5,41.27,0.8842,1.1076,-77.2,1.031,1
283,15,200,70,50,694.5,41.27,0.8842,1.1076,-77.2,1.031,1
284,20,200,70,50,694.5,41.27,0.8842,1.1076,-77.2,1.031,1
285,25,150,65,50,693.12,41.23,0.8837,1.1069,-77.2,1.031,1
286,25,150,70,50,693.12,41.23,0.8837,1.1069,-77.2,1.031,1
287,10,200,70,30,693.48,41.24,0.8837,1.1096,-77.09,1.0309,152
288,15,150,70,50,692.42,41.21,0.8835,1.1066,-77.2,1.0309,1
289,15,150,65,50,692.42,41.21,0.8835,1.1066,-77.2,1.0309,1
290,5,200,65,30,691.85,41.19,0.8834,1.1081,-75.41,1.031,195
291,25,200,70,50,690.95,41.17,0.8829,1.106,-77.2,1.0309,1
292,5,20,70,50,692.5,41.21,0.8824,1.1085,-78.83,1.0308,35
293,5,20,65,50,692.5,41.21,0.8824,1.1085,-78.83,1.0308,35
294,12,100,55,35,686.92,41.05,0.8815,1.1025,-75.85,1.0309,52
295,15,100,65,50,683.86,40.96,0.8802,1.1036,-77.61,1.0308,7
296,15,100,70,50,683.86,40.96,0.8802,1.1036,-77.61,1.0308,7
297,25,100,65,40,682.41,40.91,0.8797,1.1026,-64.5,1.0308,63
298,10,50,70,35,686.41,41.03,0.8796,1.1128,-67.45,1.0307,406
299,15,150,70,40,681.57,40.89,0.8794,1.1055,-70.17,1.0308,63
300,15,75,60,50,680.64,40.86,0.8791,1.1023,-77.79,1.0308,3
301,15,100,65,30,680.61,40.86,0.8789,1.1013,-65.27,1.0307,170
302,10,75,55,50,665.96,40.41,0.8777,1.0812,-78.83,1.0314,7
303,8,50,60,40,677.55,40.77,0.8768,1.1046,-79.89,1.0306,262
304,10,100,70,40,673.33,40.64,0.8762,1.1027,-67.71,1.0306,157
305,12,30,65,45,674.24,40.67,0.8756,1.1068,-61.26,1.0306,171
306,5,75,55,30,664.89,40.38,0.8731,1.098,-75.13,1.0305,152
307,12,100,60,40,664.59,40.37,0.8731,1.0947,-57.26,1.0305,101
308,12,100,65,50,664.06,40.36,0.8729,1.0978,-77.13,1.0305,13
309,25,150,70,30,661.07,40.26,0.8719,1.0909,-72.12,1.0305,120
310,15,100,60,50,660.94,40.26,0.8718,1.0927,-77.38,1.0305,7
311,12,50,60,45,662.06,40.29,0.8713,1.0906,-80.2,1.0304,101
312,12,150,65,40,657.79,40.16,0.8705,1.0934,-66.6,1.0304,87
313,12,100,55,50,657.1,40.14,0.8703,1.0959,-71.96,1.0305,10
314,20,75,55,50,645.69,39.79,0.87,1.0683,-77.2,1.0311,1
315,10,75,70,50,657.52,40.15,0.8696,1.0925,-78.17,1.0304,7
316,10,75,65,50,657.52,40.15,0.8696,1.0925,-78.17,1.0304,7
317,12,150,65,50,652.68,40.0,0.8686,1.0879,-77.83,1.0304,11
318,12,150,70,50,652.68,40.0,0.8686,1.0879,-77.83,1.0304,11
319,12,100,55,30,651.74,39.98,0.8684,1.0865,-71.55,1.0304,54
320,12,75,70,50,650.76,39.95,0.867,1.0882,-78.93,1.0303,5
321,12,200,65,45,644.6,39.75,0.8656,1.0886,-72.71,1.0303,33
322,15,50,70,45,646.0,39.8,0.8652,1.0842,-76.82,1.0302,79
323,10,150,65,50,643.46,39.72,0.8651,1.0839,-78.69,1.0303,15
324,12,20,50,50,622.04,39.04,0.8648,1.0452,-77.2,1.0316,3
325,25,150,70,35,641.18,39.65,0.8644,1.0796,-66.61,1.0303,90
326,12,100,70,50,641.6,39.66,0.8643,1.0872,-77.13,1.0302,13
327,10,150,65,40,639.39,39.59,0.8635,1.0817,-67.01,1.0302,95
328,12,150,60,50,639.07,39.58,0.8634,1.0817,-77.94,1.0302,11
329,12,30,60,45,639.94,39.61,0.8627,1.0876,-69.57,1.0301,159
330,5,200,60,30,636.03,39.48,0.8626,1.0829,-77.7,1.0302,135
331,8,75,60,35,631.76,39.35,0.8604,1.0845,-76.27,1.0301,192
332,8,20,60,50,628.77,39.25,0.8586,1.0785,-78.62,1.03,21
333,8,50,70,45,624.65,39.12,0.8568,1.0776,-76.61,1.0299,137
334,8,150,70,30,621.8,39.03,0.8565,1.0744,-78.25,1.0299,209
335,15,30,60,45,617.58,38.89,0.8541,1.074,-71.16,1.0298,85
336,8,200,65,35,615.21,38.82,0.854,1.0725,-73.19,1.0299,140
337,8,150,70,35,614.47,38.79,0.8536,1.0691,-69.06,1.0298,159
338,5,200,70,30,613.21,38.75,0.853,1.0726,-70.55,1.0298,241
339,15,75,65,35,615.11,38.81,0.853,1.0738,-59.12,1.0298,176
340,20,75,70,45,612.05,38.72,0.8519,1.073,-64.64,1.0297,37
341,20,150,65,35,610.61,38.67,0.8517,1.0648,-75.09,1.0298,90
342,20,75,55,45,603.34,38.43,0.85,1.0648,-72.39,1.0299,20
343,10,50,65,40,603.89,38.45,0.8484,1.0691,-81.86,1.0296,270
344,15,100,55,50,600.65,38.34,0.8482,1.0651,-74.79,1.0297,7
345,8,20,65,50,601.55,38.37,0.8477,1.0647,-79.42,1.0296,21
346,8,20,70,50,601.55,38.37,0.8477,1.0647,-79.42,1.0296,21
347,12,150,70,40,596.25,38.2,0.8462,1.0637,-64.84,1.0296,95
348,5,75,55,35,589.85,37.99,0.8436,1.0613,-77.77,1.0295,152
349,10,150,55,50,589.36,37.97,0.8435,1.0615,-79.93,1.0295,13
350,8,100,70,50,587.89,37.92,0.8429,1.0566,-78.71,1.0295,17
351,20,75,65,45,588.55,37.94,0.8424,1.0591,-65.53,1.0294,33
352,20,150,70,45,585.3,37.83,0.8413,1.0554,-78.63,1.0294,15
353,20,150,65,45,585.3,37.83,0.8413,1.0554,-78.63,1.0294,15
354,15,100,70,35,584.14,37.79,0.8412,1.0551,-66.73,1.0294,167
355,5,20,50,50,583.35,37.77,0.8403,1.0582,-65.5,1.0293,21
356,8,150,70,50,578.65,37.61,0.839,1.0536,-76.94,1.0293,17
357,25,100,55,45,577.94,37.58,0.8389,1.05,-70.37,1.0294,14
358,8,100,55,40,577.45,37.57,0.8386,1.0549,-80.43,1.0293,86
359,10,150,70,45,576.49,37.54,0.8381,1.0518,-73.86,1.0293,49
360,5,75,65,50,577.8,37.58,0.8379,1.0535,-82.1,1.0292,61
361,5,75,70,50,577.8,37.58,0.8379,1.0535,-82.1,1.0292,61
362,8,150,70,45,569.35,37.29,0.835,1.0467,-70.87,1.0292,55
363,10,100,50,50,563.67,37.1,0.8347,1.0334,-77.2,1.0296,1
364,10,75,70,40,566.88,37.21,0.8331,1.0478,-71.39,1.0291,190
365,10,150,60,40,563.69,37.1,0.8327,1.0437,-74.8,1.0291,77
366,5,50,60,40,565.65,37.17,0.8323,1.0519,-67.33,1.029,404
367,10,30,55,45,561.45,37.02,0.831,1.0406,-63.41,1.029,125
368,5,50,60,45,556.97,36.87,0.8289,1.0414,-81.68,1.0289,210
369,15,75,60,35,549.57,36.61,0.8265,1.0379,-56.56,1.0289,114
370,8,100,55,30,547.37,36.53,0.8256,1.0365,-81.78,1.0289,96
371,15,100,60,35,544.15,36.42,0.8242,1.0283,-74.22,1.0288,108
372,15,150,65,30,544.09,36.42,0.8242,1.0323,-73.42,1.0288,109
373,8,150,65,50,543.74,36.4,0.8239,1.0346,-78.41,1.0288,17
374,20,50,60,45,544.88,36.44,0.8237,1.0335,-70.31,1.0287,34
375,12,200,70,35,539.72,36.26,0.8222,1.0349,-70.32,1.0288,115
376,12,75,60,40,537.81,36.19,0.8212,1.0336,-66.37,1.0287,112
377,25,200,70,40,536.78,36.16,0.8209,1.033,-58.96,1.0287,51
378,5,200,55,40,534.59,36.08,0.8206,1.0291,-80.37,1.0289,67
379,8,200,60,30,534.54,36.08,0.8203,1.0276,-73.97,1.0287,102
380,15,20,55,45,536.83,36.16,0.8201,1.0341,-75.73,1.0286,157
381,5,150,55,50,532.57,36.01,0.8189,1.0311,-84.19,1.0286,27
382,15,30,70,35,534.48,36.07,0.8187,1.0371,-66.5,1.0285,397
383,20,200,65,45,531.15,35.95,0.8184,1.0247,-78.57,1.0286,21
384,10,200,65,30,530.99,35.95,0.8183,1.0267,-76.96,1.0286,126
385,20,75,55,35,528.34,35.85,0.8177,1.0217,-68.35,1.0287,37
386,15,75,70,45,530.67,35.94,0.8173,1.0282,-76.12,1.0285,43
387,8,200,70,35,527.79,35.83,0.8168,1.0265,-74.57,1.0286,151
388,20,200,70,45,527.63,35.83,0.8168,1.0235,-78.57,1.0286,21
389,10,100,60,45,525.38,35.75,0.8156,1.0252,-68.65,1.0285,63
390,8,150,60,40,524.48,35.71,0.8153,1.0243,-65.58,1.0285,93
391,12,50,70,45,523.54,35.68,0.8141,1.0208,-71.94,1.0284,103
392,15,75,65,45,523.62,35.68,0.8141,1.0245,-76.12,1.0284,41
393,25,100,70,45,518.0,35.48,0.8123,1.0166,-78.05,1.0284,19
394,12,50,60,35,519.31,35.53,0.8122,1.0186,-80.39,1.0283,236
395,5,200,65,50,509.98,35.18,0.809,1.0103,-81.62,1.0283,39
396,5,75,60,35,511.03,35.22,0.8088,1.0171,-74.23,1.0282,334
397,12,75,65,50,511.5,35.24,0.8086,1.014,-82.84,1.0282,5
398,25,30,60,40,510.33,35.2,0.808,1.0209,-70.36,1.0282,143
399,12,75,55,35,505.53,35.02,0.8071,1.0112,-71.5,1.0284,55
400,15,100,55,45,504.96,35.0,0.8063,1.0117,-75.24,1.0282,21
401,8,100,55,35,504.74,34.99,0.8062,1.0112,-81.51,1.0282,92
402,15,150,70,45,499.5,34.79,0.8037,1.0059,-80.07,1.0281,13
403,15,150,65,45,499.18,34.78,0.8036,1.005,-80.07,1.0281,13
404,12,100,70,35,496.7,34.69,0.8021,1.0072,-67.99,1.028,209
405,5,75,70,40,497.71,34.73,0.8018,1.0082,-71.26,1.0279,350
406,25,50,70,35,492.9,34.54,0.7997,1.0063,-69.25,1.0279,216
407,15,20,65,45,492.57,34.53,0.7995,1.0092,-79.73,1.0279,201
408,5,150,65,45,488.29,34.37,0.7981,1.003,-70.61,1.0279,101
409,20,100,60,35,487.49,34.34,0.7979,0.9977,-73.1,1.0279,94
410,12,75,60,50,486.79,34.31,0.7975,0.9984,-82.84,1.0279,5
411,15,75,60,30,486.72,34.31,0.7974,1.0023,-55.57,1.0279,124
412,15,30,60,40,487.43,34.34,0.7971,1.0013,-57.56,1.0278,212
413,8,200,65,30,484.7,34.23,0.7965,0.9975,-82.33,1.0278,154
414,8,150,65,30,484.26,34.22,0.7962,0.9982,-80.24,1.0278,169
415,20,150,60,35,482.19,34.14,0.7949,0.9943,-71.7,1.0278,56
416,15,150,55,50,470.49,33.68,0.7936,0.9635,-77.2,1.0287,1
417,8,200,60,45,477.58,33.96,0.7934,0.9909,-85.66,1.0278,43
418,20,200,60,45,475.93,33.89,0.7926,0.9899,-78.57,1.0278,19
419,8,75,60,45,474.58,33.84,0.7914,0.9933,-86.9,1.0276,77
420,8,100,65,50,473.76,33.81,0.7911,0.9905,-82.24,1.0276,17
421,20,50,65,35,473.16,33.79,0.79,0.9961,-76.32,1.0275,192
422,8,100,70,40,471.1,33.71,0.7896,0.9917,-66.8,1.0276,187
423,15,75,55,30,466.58,33.53,0.7881,0.9849,-60.03,1.0277,43
424,10,100,70,45,466.76,33.54,0.7875,0.9895,-77.39,1.0275,67
425,10,50,60,35,468.33,33.6,0.7875,0.9924,-82.28,1.0274,282
426,10,150,60,30,465.89,33.5,0.7871,0.9872,-77.75,1.0275,93
427,8,75,70,40,466.85,33.54,0.7869,0.9864,-71.03,1.0274,216
428,20,50,60,35,465.93,33.5,0.7865,0.9897,-65.85,1.0274,136
429,5,20,55,50,464.83,33.46,0.786,0.9861,-79.5,1.0274,31
430,8,50,70,40,459.46,33.25,0.783,0.986,-69.26,1.0273,327
431,5,200,70,50,455.1,33.08,0.7817,0.9775,-81.18,1.0273,41
432,25,200,60,45,452.48,32.97,0.7809,0.9736,-79.07,1.0274,8
433,10,200,60,50,449.4,32.85,0.7791,0.9726,-89.17,1.0273,9
434,8,100,60,45,449.95,32.87,0.779,0.9746,-76.72,1.0272,85
435,5,150,70,50,448.09,32.79,0.7779,0.9762,-81.76,1.0272,45
436,12,150,70,45,446.89,32.75,0.7774,0.9728,-79.87,1.0271,41
437,15,100,70,30,447.08,32.75,0.7773,0.9734,-73.77,1.0271,217
438,25,200,65,40,442.8,32.58,0.7758,0.9694,-59.79,1.0273,47
439,5,200,60,50,442.13,32.55,0.7753,0.968,-82.2,1.0271,37
440,12,75,55,40,441.13,32.51,0.7748,0.971,-76.01,1.0272,49
441,20,100,60,45,438.69,32.41,0.7731,0.9668,-81.22,1.027,23
442,12,75,55,50,434.55,32.24,0.7715,0.9567,-84.73,1.0271,5
443,8,75,55,35,431.03,32.1,0.769,0.9683,-76.61,1.0269,82
444,10,150,65,45,428.61,31.99,0.7677,0.9617,-76.02,1.0268,47
445,8,200,70,30,426.69,31.91,0.7666,0.9617,-83.93,1.0268,184
446,12,75,55,30,425.0,31.84,0.7662,0.9594,-75.06,1.0269,61
447,20,30,70,30,426.92,31.92,0.7659,0.9662,-77.12,1.0267,407
448,25,50,70,40,424.2,31.81,0.7647,0.9597,-75.43,1.0267,145
449,10,100,60,35,422.5,31.74,0.7644,0.9566,-79.8,1.0267,154
450,20,100,65,45,421.65,31.7,0.7639,0.9553,-81.22,1.0267,23
451,20,100,70,45,421.29,31.69,0.7637,0.9556,-81.22,1.0267,23
452,12,200,65,40,421.11,31.68,0.7636,0.9608,-68.6,1.0267,71
453,15,100,55,30,420.82,31.67,0.7635,0.9574,-70.24,1.0267,40
454,15,75,55,45,414.86,31.42,0.7632,0.9308,-80.88,1.0274,26
455,8,100,60,35,419.93,31.63,0.7629,0.9584,-71.01,1.0266,170
456,15,20,70,45,420.41,31.65,0.7625,0.9611,-82.11,1.0266,205
457,5,150,50,45,417.08,31.51,0.7619,0.9546,-63.28,1.0268,25
458,10,200,60,35,416.27,31.48,0.7613,0.9523,-75.54,1.0267,82
459,20,75,60,35,416.32,31.48,0.7604,0.9553,-67.61,1.0265,110
460,12,75,70,30,416.04,31.47,0.7601,0.9545,-78.52,1.0265,286
461,15,100,70,45,414.04,31.38,0.7597,0.9499,-83.24,1.0265,41
462,15,30,65,45,413.38,31.35,0.7587,0.9554,-80.11,1.0264,95
463,15,200,65,35,410.73,31.24,0.7579,0.9486,-67.2,1.0265,76
464,12,150,65,45,409.54,31.19,0.7572,0.9467,-81.44,1.0264,41
465,10,100,70,35,407.58,31.1,0.7559,0.9498,-75.61,1.0264,230
466,10,100,65,40,405.64,31.02,0.7549,0.9515,-65.47,1.0263,149
467,15,100,65,45,404.22,30.96,0.7542,0.943,-83.84,1.0263,41
468,15,150,60,45,397.32,30.66,0.7508,0.9302,-83.32,1.0264,13
469,10,30,65,45,397.03,30.65,0.7494,0.9441,-80.68,1.0261,185
470,8,100,60,50,392.15,30.43,0.7473,0.935,-84.74,1.0261,17
471,8,20,55,50,392.38,30.44,0.7469,0.9357,-83.38,1.026,15
472,10,150,55,40,391.1,30.39,0.7466,0.9401,-55.32,1.0261,51
473,15,75,70,35,391.79,30.42,0.7464,0.9422,-58.52,1.026,199
474,15,50,60,35,390.83,30.37,0.7459,0.9412,-75.72,1.026,190
475,20,150,60,45,390.02,30.34,0.7457,0.9352,-82.52,1.026,15
476,5,75,65,40,389.84,30.33,0.7452,0.9351,-71.96,1.0259,330
477,12,75,70,45,389.31,30.31,0.7451,0.9309,-82.23,1.026,47
478,12,75,60,35,388.49,30.27,0.7451,0.9343,-65.13,1.026,144
479,8,200,60,35,384.82,30.11,0.7433,0.9296,-72.3,1.026,96
480,12,100,65,45,384.96,30.11,0.743,0.9319,-81.7,1.0259,59
481,20,150,70,30,381.52,29.96,0.7408,0.9246,-84.28,1.0258,122
482,10,75,55,35,380.15,29.9,0.7407,0.9238,-74.99,1.026,71
483,8,100,65,35,380.65,29.92,0.7404,0.9288,-73.63,1.0258,232
484,5,150,70,35,379.33,29.86,0.7395,0.9278,-81.41,1.0258,235
485,20,50,55,45,377.67,29.78,0.7383,0.9291,-69.56,1.0257,24
486,10,100,60,30,375.63,29.69,0.7375,0.9224,-83.92,1.0257,160
487,10,200,60,30,373.77,29.61,0.7367,0.9218,-81.21,1.0258,86
488,25,150,65,30,374.07,29.62,0.7367,0.921,-65.26,1.0257,100
489,10,30,70,45,373.9,29.61,0.7359,0.9268,-81.2,1.0256,185
490,25,100,65,45,372.99,29.57,0.7359,0.9197,-78.05,1.0257,19
491,12,100,65,35,370.4,29.45,0.7343,0.919,-71.64,1.0256,186
492,25,75,65,30,370.12,29.44,0.7337,0.9223,-65.6,1.0256,162
493,15,150,60,35,368.18,29.35,0.7336,0.9099,-74.66,1.0258,59
494,8,20,70,45,369.14,29.39,0.7329,0.9281,-86.85,1.0255,355
495,5,150,60,45,366.71,29.28,0.732,0.9203,-82.76,1.0255,85
496,20,75,55,30,365.24,29.21,0.7316,0.9143,-69.51,1.0257,39
497,8,75,55,30,364.6,29.18,0.7308,0.9194,-71.13,1.0255,90
498,8,20,65,45,365.46,29.22,0.7306,0.9251,-86.54,1.0254,353
499,20,50,50,50,215.63,21.12,0.7298,0.6838,-50.08,1.0338,1
500,15,100,60,45,361.11,29.02,0.7287,0.9097,-85.45,1.0254,39
501,12,75,55,45,358.85,28.92,0.7277,0.9068,-86.13,1.0256,29
502,12,100,70,45,358.17,28.89,0.7268,0.9125,-81.92,1.0254,61
503,12,200,60,45,357.05,28.83,0.7264,0.9098,-84.41,1.0254,27
504,25,200,70,35,357.11,28.84,0.7262,0.9082,-69.8,1.0254,86
505,8,150,65,45,355.91,28.78,0.7254,0.9085,-80.21,1.0253,55
506,8,150,65,35,355.75,28.77,0.7253,0.9073,-70.14,1.0253,141
507,25,100,60,45,351.56,28.57,0.7227,0.9038,-78.05,1.0252,19
508,8,100,60,30,351.34,28.56,0.7225,0.9073,-85.61,1.0252,186
509,15,30,65,40,350.22,28.51,0.7213,0.9097,-65.0,1.0251,261
510,5,75,60,45,347.62,28.39,0.7201,0.904,-91.73,1.0251,148
511,8,150,55,30,343.22,28.17,0.7174,0.8992,-69.88,1.025,61
512,15,75,60,40,343.13,28.17,0.7172,0.9022,-61.76,1.025,96
513,8,100,65,30,342.92,28.16,0.717,0.9012,-83.66,1.025,270
514,20,75,70,35,341.37,28.09,0.7157,0.9023,-65.53,1.0249,177
515,12,200,70,30,339.79,28.01,0.7152,0.8948,-82.42,1.025,139
516,8,75,55,40,339.3,27.98,0.7148,0.9003,-73.55,1.025,78
517,15,200,60,35,338.87,27.96,0.7148,0.8931,-62.4,1.025,50
518,8,150,55,35,337.86,27.91,0.714,0.8935,-71.19,1.0249,57
519,15,75,65,30,337.56,27.9,0.7132,0.8999,-71.56,1.0248,210
520,20,75,60,45,337.22,27.88,0.713,0.8955,-78.3,1.0248,29
521,15,75,65,40,336.82,27.86,0.7127,0.8992,-60.15,1.0248,132
522,10,20,50,50,253.18,23.41,0.7109,0.7589,-62.88,1.0294,3
523,12,75,65,40,333.65,27.71,0.7106,0.8962,-75.99,1.0247,148
524,25,30,65,35,332.85,27.67,0.7102,0.8943,-78.66,1.0247,240
525,8,75,65,40,333.0,27.68,0.7102,0.8915,-68.04,1.0247,196
526,12,30,70,40,331.47,27.6,0.7091,0.8961,-73.26,1.0247,383
527,8,20,60,45,330.9,27.57,0.7088,0.8931,-87.38,1.0246,341
528,12,75,65,45,326.63,27.36,0.7061,0.8813,-84.5,1.0246,47
529,15,200,70,30,325.36,27.3,0.7057,0.8831,-85.08,1.0246,124
530,20,100,60,30,325.18,27.29,0.7056,0.8804,-74.49,1.0246,106
531,12,100,60,45,322.85,27.17,0.7039,0.881,-85.48,1.0246,55
532,8,150,60,35,320.66,27.06,0.7025,0.8787,-69.33,1.0245,107
533,12,100,60,35,319.61,27.01,0.7018,0.8762,-73.07,1.0245,130
534,10,75,60,35,319.36,27.0,0.7015,0.8794,-75.81,1.0245,174
535,20,75,60,30,318.53,26.96,0.7006,0.8809,-68.25,1.0244,118
536,15,75,70,40,318.12,26.93,0.7002,0.8839,-60.37,1.0244,139
537,10,150,65,35,316.5,26.85,0.6996,0.8744,-75.04,1.0244,131
538,20,150,65,30,316.26,26.84,0.6993,0.8732,-81.02,1.0244,102
539,25,30,70,30,316.57,26.86,0.6992,0.8805,-83.56,1.0243,348
540,10,100,55,45,315.83,26.82,0.699,0.8812,-79.03,1.0244,46
541,25,200,60,40,314.98,26.78,0.6989,0.8706,-64.43,1.0245,32
542,5,50,55,40,314.59,26.75,0.6979,0.8766,-65.78,1.0243,194
543,8,150,55,50,313.36,26.69,0.6974,0.8735,-88.74,1.0243,11
544,8,30,70,40,313.78,26.71,0.6971,0.8841,-76.28,1.0242,543
545,12,50,50,50,305.9,26.31,0.697,0.8359,-62.38,1.0256,5
546,12,50,60,50,312.68,26.66,0.6966,0.8727,-82.0,1.0243,7
547,10,75,65,40,311.73,26.61,0.6958,0.8783,-67.55,1.0242,178
548,20,75,65,30,310.38,26.54,0.695,0.8755,-73.48,1.0242,190
549,15,50,55,50,309.4,26.49,0.6945,0.8689,-85.47,1.0242,5
550,12,50,70,50,303.73,26.2,0.6904,0.8647,-82.39,1.024,7
551,12,50,65,50,303.73,26.2,0.6904,0.8647,-82.39,1.024,7
552,5,100,50,50,301.69,26.09,0.6896,0.8544,-85.29,1.0243,18
553,10,100,55,30,300.55,26.03,0.6885,0.8633,-80.76,1.024,76
554,12,150,60,45,300.48,26.03,0.6884,0.8595,-85.34,1.024,39
555,12,30,50,50,178.53,18.62,0.6868,0.62,-50.08,1.033,1
556,10,20,70,45,298.17,25.9,0.6862,0.8687,-81.11,1.0239,267
557,20,150,60,40,297.04,25.84,0.6858,0.8566,-83.6,1.0239,39
558,10,30,60,45,295.62,25.77,0.6845,0.8619,-84.03,1.0238,177
559,10,75,55,30,292.97,25.63,0.6833,0.8519,-77.94,1.024,77
560,10,100,55,40,291.98,25.58,0.6822,0.8592,-83.7,1.0238,68
561,25,50,70,30,292.14,25.58,0.6821,0.8556,-80.68,1.0237,258
562,20,150,60,30,288.25,25.38,0.6794,0.8487,-72.48,1.0237,58
563,25,30,55,40,287.47,25.33,0.6788,0.8557,-73.8,1.0237,82
564,5,75,50,45,285.86,25.25,0.6779,0.8529,-72.04,1.0238,37
565,15,20,65,40,285.27,25.21,0.6769,0.8595,-71.17,1.0235,441
566,5,75,50,40,284.41,25.17,0.6769,0.8494,-68.9,1.0237,47
567,8,150,60,30,284.11,25.15,0.6765,0.8466,-78.81,1.0236,113
568,8,30,65,40,284.53,25.17,0.6763,0.8572,-78.31,1.0235,519
569,20,30,60,40,283.37,25.11,0.6757,0.8477,-73.81,1.0235,198
570,8,75,50,50,267.29,24.22,0.674,0.7991,-74.05,1.0249,7
571,10,20,65,45,279.85,24.92,0.6729,0.8515,-81.98,1.0234,261
572,10,150,55,30,278.88,24.87,0.6725,0.8481,-68.23,1.0234,57
573,5,200,55,35,278.52,24.85,0.6725,0.8419,-80.58,1.0236,75
574,25,30,60,45,278.87,24.87,0.6722,0.845,-77.11,1.0234,63
575,12,100,70,30,277.93,24.81,0.6718,0.8402,-81.78,1.0234,255
576,12,150,55,50,277.58,24.79,0.6715,0.8425,-93.0,1.0234,11
577,10,30,70,40,277.56,24.79,0.6711,0.8503,-70.4,1.0233,453
578,12,100,60,30,276.29,24.72,0.6707,0.8371,-77.59,1.0234,132
579,25,50,65,40,274.77,24.64,0.6692,0.8389,-81.0,1.0233,136
580,15,75,55,35,273.57,24.57,0.6688,0.8346,-71.46,1.0234,43
581,8,30,50,50,225.75,21.76,0.6684,0.7281,-57.84,1.0269,3
582,20,30,65,35,269.55,24.35,0.6652,0.8369,-80.08,1.0231,303
583,5,100,55,30,268.75,24.3,0.6648,0.8336,-78.8,1.0232,130
584,5,50,70,40,268.91,24.31,0.6645,0.8392,-81.98,1.0231,479
585,15,20,60,45,268.3,24.28,0.6642,0.835,-84.48,1.0231,187
586,8,200,55,30,266.92,24.2,0.6636,0.8304,-79.07,1.0233,59
587,15,30,70,30,267.31,24.22,0.6633,0.8384,-67.48,1.0231,477
588,12,30,55,45,266.59,24.18,0.6629,0.8329,-64.38,1.0231,111
589,25,100,55,40,265.26,24.11,0.6622,0.8272,-79.23,1.0231,34
590,5,50,65,40,264.96,24.09,0.6614,0.8353,-81.84,1.023,467
591,25,30,60,35,261.22,23.88,0.6587,0.8285,-74.02,1.0229,182
592,8,100,70,45,259.07,23.75,0.6572,0.8229,-86.28,1.0229,95
593,10,100,55,35,256.26,23.59,0.655,0.8201,-83.69,1.0228,76
594,5,100,55,35,255.67,23.56,0.6545,0.8195,-84.43,1.0228,126
595,8,75,65,30,254.17,23.47,0.653,0.8221,-78.86,1.0227,320
596,5,100,50,35,253.15,23.41,0.6527,0.8149,-71.04,1.0229,39
597,8,75,70,45,252.85,23.39,0.652,0.8154,-87.34,1.0227,81
598,8,50,65,40,252.34,23.36,0.6515,0.8194,-85.69,1.0227,313
599,8,30,65,45,252.33,23.36,0.6515,0.8215,-86.04,1.0226,247
600,10,150,60,45,251.28,23.3,0.651,0.8151,-88.51,1.0227,43
601,12,100,65,30,250.78,23.27,0.6506,0.8139,-80.73,1.0227,214
602,8,75,60,30,250.59,23.26,0.6504,0.8172,-78.11,1.0227,214
603,5,100,50,30,247.81,23.1,0.6483,0.8094,-71.13,1.0227,39
604,25,100,55,30,247.91,23.1,0.6482,0.8182,-59.23,1.0226,38
605,10,50,65,35,246.49,23.02,0.6468,0.8138,-87.81,1.0225,366
606,12,20,70,45,245.52,22.96,0.6459,0.8164,-84.92,1.0224,227
607,8,20,55,45,245.14,22.94,0.6458,0.8076,-82.55,1.0224,252
608,15,20,55,40,244.25,22.89,0.645,0.8135,-78.25,1.0224,218
609,12,50,55,50,242.72,22.8,0.6438,0.8064,-84.66,1.0224,7
610,12,75,60,30,239.74,22.62,0.6414,0.8038,-71.98,1.0223,160
611,8,50,60,45,239.44,22.6,0.641,0.8022,-90.62,1.0223,129
612,20,50,70,30,236.72,22.43,0.6387,0.8014,-83.66,1.0222,276
613,15,50,55,45,236.68,22.43,0.6387,0.803,-79.16,1.0223,45
614,15,75,55,40,236.0,22.39,0.6384,0.7982,-74.07,1.0224,41
615,8,30,70,45,235.4,22.35,0.6375,0.8032,-89.12,1.0222,251
616,12,150,65,35,233.28,22.22,0.6359,0.7966,-74.61,1.0222,117
617,25,50,65,35,232.81,22.2,0.6354,0.7984,-76.32,1.0221,190
618,5,100,55,40,232.38,22.17,0.6352,0.7958,-85.47,1.0221,116
619,15,150,70,30,228.04,21.9,0.6315,0.7901,-85.36,1.022,133
620,5,100,70,50,225.17,21.72,0.6289,0.786,-89.51,1.0219,49
621,25,150,65,35,224.91,21.71,0.6288,0.7841,-66.92,1.0219,86
622,25,200,60,30,224.32,21.67,0.6283,0.7849,-56.63,1.022,46
623,25,50,70,45,224.25,21.67,0.6279,0.7873,-87.83,1.0218,55
624,10,150,70,35,223.45,21.62,0.6274,0.7839,-79.63,1.0219,143
625,5,75,55,45,222.57,21.56,0.6266,0.7879,-92.97,1.0218,78
626,12,50,70,40,221.68,21.51,0.6257,0.7842,-76.31,1.0217,232
627,5,200,55,30,221.22,21.48,0.6255,0.783,-80.58,1.0219,79
628,5,150,70,30,221.32,21.48,0.6254,0.7849,-87.11,1.0218,289
629,15,100,55,35,220.59,21.44,0.6249,0.7819,-74.32,1.0218,38
630,5,75,70,45,220.7,21.44,0.6248,0.7833,-88.84,1.0217,174
631,12,150,70,35,219.2,21.35,0.6236,0.7812,-75.42,1.0217,133
632,20,200,70,35,217.77,21.26,0.6224,0.778,-76.85,1.0217,90
633,20,200,60,40,216.4,21.17,0.6212,0.7754,-77.79,1.0217,38
634,5,100,70,40,215.12,21.09,0.6199,0.7764,-78.37,1.0216,278
635,10,100,65,45,214.67,21.06,0.6195,0.7782,-82.78,1.0216,65
636,10,50,70,30,214.75,21.06,0.6194,0.7812,-79.96,1.0215,484
637,10,75,70,45,213.2,20.97,0.6181,0.7733,-90.04,1.0215,63
638,15,75,60,45,212.41,20.91,0.6175,0.7711,-86.27,1.0215,39
639,5,50,55,30,212.17,20.9,0.6172,0.7739,-74.29,1.0214,210
640,10,100,70,30,211.65,20.87,0.6168,0.7726,-84.45,1.0215,284
641,5,100,55,50,211.64,20.86,0.6167,0.771,-93.18,1.0215,29
642,8,100,65,45,210.93,20.82,0.6161,0.7708,-88.01,1.0215,93
643,8,30,55,40,209.73,20.74,0.6149,0.7732,-84.11,1.0214,254
644,8,150,55,40,208.61,20.67,0.6141,0.7664,-70.55,1.0214,55
645,5,75,60,30,208.03,20.63,0.6135,0.7685,-77.04,1.0213,348
646,5,100,50,40,207.27,20.58,0.6128,0.765,-77.41,1.0215,35
647,12,75,65,35,206.87,20.55,0.6123,0.7673,-77.43,1.0213,198
648,8,200,55,45,202.67,20.28,0.6084,0.7595,-85.73,1.0214,28
649,10,75,55,40,202.27,20.25,0.6081,0.7594,-70.98,1.0213,65
650,8,75,65,35,202.07,20.24,0.6078,0.7621,-82.45,1.0211,262
651,8,50,65,45,202.03,20.24,0.6077,0.7615,-90.4,1.0211,137
652,20,50,60,30,200.59,20.14,0.6064,0.7611,-77.71,1.0211,156
653,8,75,70,30,200.57,20.14,0.6063,0.7629,-82.12,1.0211,390
654,10,100,65,35,200.2,20.11,0.6061,0.7589,-81.69,1.0211,200
655,10,30,55,40,199.99,20.1,0.6059,0.7576,-69.26,1.021,188
656,10,75,60,45,199.86,20.09,0.6057,0.7591,-89.37,1.0211,61
657,8,50,60,35,198.73,20.02,0.6046,0.7619,-82.24,1.021,324
658,12,30,65,40,198.82,20.02,0.6046,0.7639,-71.01,1.021,375
659,10,150,55,35,197.99,19.97,0.6039,0.7588,-71.04,1.021,55
660,10,100,50,45,197.77,19.95,0.6037,0.7584,-74.32,1.0211,13
661,8,50,55,45,197.46,19.93,0.6034,0.7564,-81.72,1.021,75
662,5,150,70,45,196.56,19.87,0.6025,0.7552,-85.6,1.021,105
663,25,50,60,40,193.48,19.66,0.5996,0.7503,-80.23,1.0208,108
664,20,50,65,30,189.82,19.41,0.596,0.7497,-81.02,1.0207,232
665,25,30,55,35,186.91,19.21,0.5932,0.7445,-71.3,1.0207,84
666,10,75,55,45,186.48,19.18,0.5927,0.7388,-81.03,1.0207,40
667,10,75,70,35,182.95,18.93,0.5892,0.7364,-84.37,1.0205,272
668,8,150,60,45,183.02,18.94,0.5892,0.7368,-90.21,1.0205,55
669,10,30,65,40,179.65,18.7,0.5858,0.7412,-71.1,1.0203,443
670,12,100,50,50,177.45,18.55,0.5835,0.7117,-82.06,1.0211,6
671,10,150,65,30,177.24,18.53,0.5834,0.7299,-86.57,1.0203,159
672,25,30,55,30,177.16,18.52,0.5833,0.7328,-74.34,1.0203,84
673,10,100,65,30,176.06,18.45,0.5822,0.7292,-86.64,1.0203,234
674,5,50,50,40,173.95,18.29,0.58,0.7264,-76.8,1.0202,36
675,10,100,50,40,171.42,18.11,0.5772,0.7244,-74.32,1.0202,13
676,5,75,50,30,170.71,18.06,0.5765,0.7223,-68.9,1.0202,49
677,15,75,70,30,170.61,18.05,0.5764,0.7268,-72.12,1.02,249
678,15,20,50,50,131.82,15.05,0.5752,0.5489,-50.08,1.0261,2
679,12,150,65,30,167.59,17.83,0.5733,0.7165,-88.08,1.0199,141
680,25,75,70,30,166.43,17.75,0.5721,0.7166,-79.57,1.0199,204
681,15,50,70,35,165.23,17.66,0.5708,0.7128,-91.9,1.0198,272
682,12,50,65,35,164.68,17.62,0.5703,0.7131,-85.31,1.0198,306
683,12,100,50,45,164.96,17.64,0.5702,0.7187,-69.91,1.02,13
684,10,50,55,45,164.71,17.62,0.57,0.7209,-84.35,1.0198,75
685,8,30,60,40,164.31,17.59,0.5698,0.7212,-85.94,1.0198,462
686,10,75,65,35,162.97,17.49,0.5683,0.714,-79.85,1.0197,246
687,8,100,55,50,161.66,17.39,0.5668,0.7068,-91.72,1.0197,15
688,5,100,65,40,161.24,17.36,0.5664,0.7091,-85.52,1.0197,244
689,15,20,60,40,161.11,17.35,0.5663,0.7151,-76.68,1.0196,375
690,25,50,65,30,159.69,17.25,0.5648,0.7089,-83.69,1.0196,218
691,8,75,70,35,159.72,17.25,0.5648,0.7076,-83.72,1.0196,302
692,20,75,70,30,159.3,17.22,0.5643,0.7105,-71.03,1.0196,219
693,10,30,55,35,159.04,17.2,0.5642,0.7054,-75.89,1.0196,194
694,12,150,60,40,157.08,17.05,0.5618,0.702,-78.77,1.0195,69
695,15,150,70,35,154.3,16.84,0.5586,0.7007,-83.99,1.0195,101
696,20,150,50,50,111.44,13.3,0.5582,0.467,-50.08,1.0286,1
697,10,30,55,30,153.29,16.76,0.5578,0.697,-75.89,1.0194,198
698,8,100,50,40,152.15,16.67,0.5561,0.6981,-77.13,1.0195,23
699,8,20,55,40,150.68,16.56,0.5548,0.6959,-78.64,1.0192,378
700,8,200,55,35,150.69,16.56,0.5544,0.6933,-79.07,1.0195,59
701,5,75,50,35,148.1,16.36,0.5515,0.6914,-68.9,1.0193,49
702,8,100,70,35,147.95,16.34,0.5515,0.689,-79.21,1.0192,264
703,5,200,55,45,147.18,16.28,0.5504,0.6873,-86.78,1.0193,43
704,8,100,50,35,144.1,16.04,0.5469,0.6855,-77.13,1.0191,23
705,12,50,55,45,142.92,15.95,0.5457,0.6795,-86.95,1.019,62
706,5,75,70,35,142.51,15.92,0.5454,0.6865,-77.14,1.0189,470
707,25,50,65,45,142.19,15.89,0.5449,0.6817,-90.93,1.0189,55
708,25,30,60,30,141.24,15.81,0.5438,0.6837,-81.35,1.0189,204
709,25,50,60,45,140.39,15.75,0.5427,0.6791,-89.03,1.0188,54
710,5,75,65,45,139.37,15.66,0.5416,0.6784,-91.43,1.0188,168
711,25,50,60,35,138.9,15.63,0.541,0.6779,-78.32,1.0188,130
712,12,200,55,50,138.0,15.55,0.5378,0.6434,-77.2,1.0197,6
713,8,75,65,45,135.83,15.38,0.5373,0.6734,-87.96,1.0187,81
714,8,150,50,50,136.05,15.39,0.5366,0.6524,-87.69,1.0192,7
715,8,30,60,45,133.69,15.2,0.5347,0.6743,-90.19,1.0185,240
716,10,20,70,40,133.11,15.15,0.534,0.6791,-77.28,1.0185,601
717,8,100,50,45,131.76,15.04,0.532,0.6673,-75.31,1.0186,21
718,25,50,60,30,131.33,15.01,0.5319,0.6664,-79.9,1.0185,144
719,12,150,55,45,131.0,14.98,0.5312,0.664,-90.48,1.0185,31
720,10,20,60,45,129.96,14.89,0.5301,0.6686,-87.39,1.0184,253
721,10,20,65,40,128.19,14.74,0.5279,0.6727,-77.01,1.0183,573
722,8,100,50,30,127.69,14.7,0.5269,0.6604,-77.13,1.0184,23
723,8,50,55,40,125.43,14.51,0.5245,0.6575,-75.73,1.0182,116
724,12,200,50,50,126.27,14.58,0.5239,0.6088,-66.09,1.0198,3
725,8,30,55,45,122.74,14.28,0.5211,0.6518,-91.73,1.0181,182
726,25,200,70,30,122.66,14.28,0.5207,0.6523,-67.56,1.0181,112
727,15,100,50,50,110.66,13.23,0.519,0.5225,-53.1,1.0224,3
728,5,150,55,45,120.72,14.11,0.5182,0.6512,-89.03,1.018,51
729,5,75,70,30,120.27,14.07,0.5181,0.6524,-80.5,1.018,532
730,15,50,65,35,119.12,13.97,0.5165,0.6472,-87.21,1.0179,236
731,15,50,60,30,116.02,13.7,0.5124,0.6436,-81.28,1.0178,208
732,8,20,65,40,115.47,13.65,0.5117,0.6521,-82.38,1.0177,697
733,15,30,65,35,115.4,13.65,0.5116,0.6457,-83.84,1.0177,365
734,12,75,60,45,114.05,13.53,0.5095,0.6338,-88.95,1.0177,43
735,15,50,55,40,112.53,13.39,0.5075,0.6386,-74.67,1.0176,68
736,25,200,60,35,111.7,13.32,0.5061,0.632,-65.39,1.0177,44
737,10,150,70,30,110.17,13.18,0.5043,0.6307,-89.18,1.0175,197
738,5,30,65,45,109.34,13.11,0.5034,0.6358,-89.22,1.0174,393
739,5,50,55,45,109.3,13.1,0.5034,0.6282,-85.86,1.0175,132
740,8,50,70,35,109.03,13.08,0.5031,0.6353,-79.58,1.0174,461
741,25,200,55,50,112.0,13.35,0.5025,0.6002,-77.2,1.0184,1
742,15,30,55,45,107.6,12.95,0.501,0.6256,-86.09,1.0174,56
743,25,200,65,35,107.57,12.95,0.5005,0.6214,-75.62,1.0175,72
744,5,100,50,45,106.7,12.87,0.4993,0.6196,-84.22,1.0174,31
745,15,150,50,50,108.9,13.07,0.4981,0.5958,-77.2,1.0183,1
746,5,20,50,45,105.52,12.76,0.498,0.63,-63.77,1.0173,56
747,25,30,65,30,104.81,12.7,0.4972,0.625,-85.44,1.0172,286
748,10,200,50,45,107.62,12.95,0.4963,0.5943,-79.89,1.0182,13
749,15,30,60,35,103.01,12.53,0.4948,0.6211,-83.4,1.0172,286
750,10,75,60,30,102.31,12.46,0.4935,0.6169,-81.57,1.0171,188
751,5,75,65,30,99.68,12.22,0.4902,0.6152,-85.79,1.017,462
752,12,75,65,30,99.67,12.22,0.49,0.6148,-87.19,1.017,240
753,10,20,55,30,99.34,12.19,0.4896,0.6167,-82.29,1.017,352
754,10,75,70,30,99.3,12.18,0.4895,0.6139,-89.13,1.017,342
755,12,150,70,30,98.87,12.14,0.4886,0.6099,-90.59,1.017,179
756,5,50,60,30,97.88,12.05,0.4876,0.6143,-86.64,1.0169,490
757,12,20,70,40,94.23,11.7,0.4822,0.6127,-80.58,1.0167,541
758,25,150,55,40,94.55,11.73,0.4818,0.6014,-80.41,1.0169,12
759,20,150,55,45,94.4,11.72,0.4816,0.5952,-92.32,1.0169,11
760,15,200,60,30,94.1,11.69,0.4814,0.6,-83.8,1.0168,60
761,20,200,70,30,92.7,11.56,0.4795,0.5985,-82.88,1.0167,124
762,8,20,70,40,89.89,11.28,0.4759,0.6049,-84.94,1.0165,721
763,8,50,70,30,89.45,11.24,0.4752,0.6011,-80.07,1.0165,537
764,5,75,65,35,89.44,11.24,0.4752,0.5955,-85.05,1.0165,430
765,5,100,60,30,88.52,11.15,0.4734,0.5929,-85.91,1.0164,254
766,5,50,55,35,87.29,11.03,0.4718,0.5921,-76.91,1.0164,208
767,20,200,60,30,87.08,11.01,0.4709,0.5864,-82.1,1.0164,58
768,25,75,55,40,87.14,11.01,0.4707,0.5958,-71.77,1.0164,30
769,8,75,55,45,86.18,10.92,0.4695,0.5895,-91.26,1.0163,53
770,12,20,65,45,85.64,10.86,0.4691,0.5915,-90.66,1.0163,223
771,5,100,60,35,85.71,10.87,0.4691,0.5876,-82.05,1.0163,238
772,5,30,60,45,84.82,10.78,0.468,0.5895,-90.9,1.0162,375
773,12,150,60,30,84.9,10.79,0.4678,0.5841,-88.19,1.0162,89
774,8,150,50,30,83.3,10.63,0.4647,0.5787,-82.17,1.0163,21
775,10,50,50,50,83.11,10.61,0.4645,0.5798,-87.16,1.0162,7
776,12,50,70,35,81.58,10.46,0.463,0.5815,-87.99,1.016,346
777,12,200,65,35,80.56,10.35,0.4608,0.5766,-82.08,1.016,101
778,5,100,60,50,79.2,10.21,0.4587,0.5713,-94.61,1.0159,45
779,10,75,65,45,75.59,9.84,0.4533,0.568,-91.33,1.0157,63
780,8,150,50,35,76.02,9.89,0.4531,0.5641,-82.98,1.0159,21
781,10,30,60,40,72.36,9.5,0.4482,0.5661,-80.85,1.0155,380
782,8,100,70,30,72.47,9.51,0.448,0.5615,-90.95,1.0156,330
783,5,100,70,30,72.29,9.49,0.4479,0.5611,-86.04,1.0155,432
784,5,100,65,50,72.4,9.5,0.4477,0.5582,-94.54,1.0155,49
785,5,100,60,40,71.99,9.46,0.4471,0.5592,-80.21,1.0155,202
786,10,20,60,40,70.64,9.32,0.4453,0.5656,-82.33,1.0154,503
787,15,20,70,35,69.67,9.21,0.4439,0.5627,-75.86,1.0154,617
788,10,50,60,30,69.2,9.16,0.4431,0.5535,-90.4,1.0153,314
789,8,200,55,50,68.45,9.08,0.4404,0.5485,-92.12,1.0154,14
790,12,150,50,45,69.33,9.18,0.4402,0.5434,-78.88,1.0157,7
791,12,150,50,50,69.07,9.15,0.4398,0.5426,-78.91,1.0157,7
792,15,200,65,30,67.52,8.98,0.4395,0.5476,-86.84,1.0153,92
793,10,20,55,35,66.78,8.9,0.4389,0.5515,-86.37,1.0152,344
794,12,50,60,30,65.96,8.81,0.4376,0.5456,-90.27,1.0152,264
795,12,30,70,35,65.08,8.72,0.436,0.5522,-81.08,1.0151,507
796,15,30,55,35,64.64,8.67,0.4351,0.5436,-78.89,1.0151,98
797,8,20,55,35,63.98,8.59,0.4341,0.5458,-87.07,1.015,426
798,5,50,65,30,63.89,8.59,0.4341,0.5502,-86.95,1.015,621
799,5,100,65,30,64.17,8.62,0.434,0.5426,-91.55,1.0151,346
800,12,200,60,40,63.31,8.52,0.4319,0.5404,-90.12,1.015,53
801,20,30,65,30,61.98,8.37,0.4306,0.5396,-87.74,1.0149,357
802,25,200,55,45,66.31,8.85,0.4285,0.5123,-75.13,1.0157,6
803,5,50,60,35,59.53,8.1,0.4263,0.5387,-87.75,1.0148,474
804,10,30,70,35,57.24,7.84,0.4223,0.5358,-78.3,1.0146,575
805,5,100,55,45,57.55,7.87,0.422,0.5252,-95.31,1.0146,84
806,5,30,65,40,56.86,7.79,0.4217,0.5368,-83.03,1.0146,721
807,25,200,65,30,57.7,7.89,0.4217,0.5248,-71.07,1.0147,84
808,12,30,60,40,56.86,7.79,0.4214,0.5298,-78.37,1.0146,314
809,15,50,55,35,57.15,7.83,0.4214,0.5318,-73.81,1.0146,78
810,8,20,55,30,55.96,7.69,0.4199,0.5293,-81.97,1.0145,438
811,10,50,55,40,55.26,7.61,0.418,0.5272,-87.25,1.0145,100
812,25,30,55,45,55.06,7.59,0.4176,0.5228,-85.81,1.0145,52
813,15,50,70,30,53.88,7.45,0.416,0.5206,-94.09,1.0144,344
814,5,30,60,40,53.35,7.39,0.4152,0.5263,-82.59,1.0144,647
815,8,50,55,35,50.7,7.08,0.4099,0.5129,-76.42,1.0142,134
816,10,200,55,45,55.83,7.68,0.4089,0.4908,-85.17,1.015,19
817,5,50,65,35,48.61,6.83,0.4063,0.5155,-87.87,1.0141,585
818,10,200,55,30,53.92,7.45,0.4053,0.4868,-80.05,1.0148,44
819,12,150,55,40,48.45,6.81,0.4049,0.5085,-84.69,1.014,43
820,15,50,65,30,46.31,6.55,0.4016,0.5031,-89.27,1.0139,280
821,10,200,55,40,51.61,7.18,0.4006,0.4819,-79.84,1.0146,41
822,10,20,55,45,45.67,6.47,0.4002,0.5008,-91.16,1.0138,190
823,5,200,50,40,45.79,6.49,0.3991,0.4991,-79.09,1.0139,41
824,5,200,50,35,37.92,5.51,0.3832,0.4794,-79.15,1.0134,43
825,10,100,50,35,37.33,5.43,0.382,0.479,-77.94,1.0133,15
826,20,200,55,30,36.36,5.31,0.3802,0.4759,-83.11,1.0132,20
827,12,30,55,30,34.28,5.04,0.3771,0.4727,-75.05,1.0131,164
828,5,30,70,40,34.02,5.0,0.3771,0.4789,-84.61,1.013,745
829,5,200,50,50,34.92,5.12,0.3768,0.4708,-86.81,1.0132,17
830,10,75,65,30,33.76,4.97,0.3761,0.4719,-89.82,1.013,292
831,15,150,60,30,34.4,5.05,0.3759,0.4667,-84.96,1.0131,65
832,25,50,55,40,34.25,5.03,0.3756,0.4654,-87.43,1.0131,53
833,10,30,70,30,31.88,4.72,0.3725,0.4724,-79.86,1.0129,641
834,15,30,60,30,31.93,4.73,0.3723,0.4662,-86.01,1.0129,308
835,5,30,70,45,31.83,4.71,0.372,0.4688,-93.68,1.0129,399
836,8,20,60,40,30.69,4.56,0.3697,0.4678,-85.56,1.0128,619
837,12,30,70,30,30.19,4.5,0.3687,0.4667,-79.81,1.0128,577
838,10,50,65,30,29.56,4.41,0.3673,0.4599,-93.72,1.0127,424
839,12,200,60,30,30.17,4.49,0.367,0.4578,-89.99,1.0128,72
840,8,30,60,35,29.2,4.36,0.3665,0.4632,-87.42,1.0127,556
841,10,100,50,30,29.86,4.45,0.366,0.4589,-77.94,1.0128,15
842,8,50,60,30,29.04,4.34,0.366,0.4593,-86.33,1.0127,350
843,5,30,55,40,28.91,4.32,0.3657,0.4577,-82.73,1.0126,398
844,15,30,65,30,28.38,4.25,0.3646,0.4585,-88.33,1.0126,429
845,15,200,55,50,37.35,5.43,0.3621,0.4233,-77.2,1.0134,1
846,5,50,70,35,27.03,4.07,0.3618,0.4585,-88.16,1.0125,611
847,8,100,55,45,27.65,4.15,0.3618,0.4502,-92.39,1.0126,64
848,5,200,50,30,27.29,4.11,0.3602,0.4507,-80.36,1.0126,45
849,8,30,70,30,25.85,3.91,0.3594,0.4562,-85.33,1.0124,747
850,5,100,70,45,26.4,3.98,0.3592,0.4477,-94.23,1.0125,154
851,20,30,55,40,25.39,3.84,0.3576,0.4462,-80.06,1.0124,82
852,10,50,55,35,24.76,3.76,0.3556,0.4476,-87.96,1.0123,100
853,10,200,50,50,30.17,4.49,0.3542,0.424,-87.95,1.0129,5
854,20,200,55,40,24.4,3.71,0.3539,0.4416,-82.79,1.0123,18
855,10,20,55,40,23.65,3.6,0.3537,0.4441,-86.09,1.0122,300
856,12,150,60,35,23.9,3.64,0.3534,0.4398,-87.52,1.0123,79
857,8,30,70,35,22.53,3.44,0.3516,0.4456,-85.97,1.0122,689
858,8,50,55,30,22.53,3.45,0.3511,0.4388,-77.98,1.0121,142
859,5,100,65,35,22.34,3.42,0.3501,0.4381,-89.8,1.0121,314
860,5,50,50,45,21.49,3.3,0.3477,0.4341,-83.98,1.0121,36
861,8,50,65,35,20.81,3.2,0.3473,0.4379,-91.05,1.012,425
862,8,50,50,30,21.47,3.3,0.3468,0.4348,-81.58,1.0121,23
863,8,150,50,40,21.19,3.26,0.3461,0.4297,-82.6,1.0121,21
864,5,50,70,30,20.07,3.1,0.346,0.4385,-88.06,1.012,669
865,12,100,50,30,20.31,3.13,0.344,0.4347,-64.83,1.012,15
866,12,100,50,35,20.31,3.13,0.344,0.4347,-64.83,1.012,15
867,20,200,60,35,19.09,2.96,0.3416,0.4238,-85.09,1.0119,50
868,8,30,55,30,18.41,2.86,0.3415,0.4256,-90.07,1.0118,276
869,8,30,60,30,18.01,2.8,0.3408,0.4312,-85.43,1.0118,584
870,15,200,55,45,28.17,4.22,0.3399,0.398,-82.15,1.0126,10
871,5,100,70,35,17.42,2.71,0.3385,0.4235,-87.27,1.0117,366
872,20,30,55,30,16.7,2.61,0.3371,0.4205,-83.52,1.0117,92
873,8,150,50,45,17.29,2.69,0.3367,0.418,-83.3,1.0118,16
874,20,30,55,35,16.32,2.55,0.3362,0.4197,-80.56,1.0116,82
875,15,30,55,30,15.97,2.5,0.3353,0.4186,-80.02,1.0116,102
876,10,50,55,30,15.43,2.42,0.3336,0.4179,-85.77,1.0116,102
877,20,30,60,35,15.09,2.37,0.3333,0.4169,-86.07,1.0115,236
878,15,50,55,30,15.26,2.4,0.333,0.42,-75.58,1.0115,78
879,20,200,55,35,14.5,2.28,0.3302,0.4124,-85.59,1.0115,20
880,8,50,65,30,13.45,2.13,0.3296,0.4154,-91.17,1.0114,485
881,12,20,60,45,13.27,2.1,0.3285,0.4131,-93.37,1.0114,217
882,8,30,65,35,11.44,1.82,0.3247,0.4111,-87.35,1.0112,651
883,8,50,50,50,12.53,1.99,0.3221,0.3908,-87.77,1.0114,10
884,8,50,50,35,11.32,1.8,0.3219,0.4032,-83.12,1.0112,23
885,5,20,60,45,10.08,1.61,0.3209,0.4056,-94.24,1.0111,581
886,12,30,55,40,6.87,1.11,0.3121,0.3893,-72.16,1.0108,148
887,8,30,65,30,5.14,0.84,0.3083,0.3905,-85.7,1.0106,699
888,12,200,65,30,5.76,0.94,0.3081,0.3841,-90.78,1.0107,115
889,10,150,50,50,8.46,1.36,0.3069,0.3696,-79.06,1.0111,9
890,12,20,65,40,4.35,0.71,0.3057,0.3879,-87.18,1.0106,515
891,12,30,65,35,0.65,0.11,0.2954,0.374,-85.58,1.0102,475
892,10,150,55,45,1.12,0.19,0.2952,0.37,-91.39,1.0102,35
893,12,30,55,35,-0.59,-0.1,0.2916,0.3638,-74.96,1.0101,162
894,15,150,55,40,-0.4,-0.07,0.2898,0.3618,-81.97,1.0101,28
895,25,75,55,30,-1.46,-0.24,0.2872,0.3623,-83.63,1.01,34
896,15,30,55,40,-2.29,-0.38,0.2865,0.3573,-80.52,1.0099,94
897,10,200,55,35,4.01,0.66,0.286,0.3433,-80.05,1.0104,44
898,12,100,50,40,-2.15,-0.36,0.2848,0.3605,-70.67,1.0099,15
899,8,50,50,40,-2.27,-0.38,0.2846,0.3563,-83.49,1.0099,23
900,10,200,50,30,2.63,0.43,0.2819,0.3386,-73.42,1.0103,24
901,20,150,50,45,10.76,1.72,0.2789,0.3251,-66.56,1.0104,3
902,12,50,65,30,-5.39,-0.92,0.2778,0.3467,-93.05,1.0096,366
903,5,30,55,45,-7.61,-1.31,0.2708,0.338,-93.5,1.0093,293
904,5,20,70,45,-7.85,-1.35,0.2706,0.3416,-94.18,1.0093,617
905,25,75,55,35,-9.64,-1.68,0.2624,0.3309,-83.63,1.0091,34
906,5,20,50,40,-10.5,-1.83,0.2614,0.3297,-84.54,1.009,62
907,10,30,65,35,-10.78,-1.88,0.2613,0.3307,-87.01,1.009,545
908,12,20,55,45,-11.05,-1.93,0.2598,0.3242,-94.38,1.009,175
909,20,100,55,30,-11.7,-2.05,0.2565,0.3207,-89.51,1.0089,20
910,5,50,50,50,-12.66,-2.23,0.2534,0.3155,-85.66,1.0088,25
911,15,20,70,30,-13.46,-2.38,0.253,0.3203,-87.5,1.0087,677
912,15,20,60,35,-13.75,-2.44,0.2516,0.3162,-89.78,1.0087,478
913,10,20,65,35,-14.99,-2.67,0.2479,0.3152,-89.78,1.0085,733
914,8,150,55,45,-15.11,-2.69,0.2454,0.3049,-94.39,1.0085,39
915,20,50,55,40,-15.96,-2.86,0.2435,0.3046,-91.6,1.0084,40
916,10,30,60,30,-16.4,-2.94,0.2427,0.3062,-89.88,1.0084,472
917,15,20,65,35,-16.74,-3.01,0.2417,0.3054,-88.46,1.0083,579
918,20,200,65,30,-16.63,-2.99,0.2401,0.2995,-88.23,1.0083,102
919,12,20,55,40,-17.62,-3.18,0.2381,0.298,-91.56,1.0082,264
920,10,20,70,35,-17.94,-3.24,0.2381,0.302,-89.36,1.0082,773
921,20,50,55,35,-18.08,-3.27,0.2362,0.2971,-79.87,1.0082,44
922,8,100,50,50,-17.81,-3.22,0.2348,0.2912,-84.34,1.0082,12
923,5,20,55,45,-18.74,-3.4,0.2345,0.2941,-96.13,1.0081,436
924,8,20,65,35,-19.33,-3.52,0.2334,0.2967,-91.06,1.008,839
925,12,30,65,30,-19.4,-3.53,0.2325,0.2933,-88.45,1.008,525
926,10,20,60,35,-19.48,-3.55,0.2323,0.2939,-91.38,1.008,625
927,8,30,55,35,-19.86,-3.62,0.2305,0.2864,-93.3,1.008,272
928,10,200,55,50,-14.81,-2.64,0.2251,0.2695,-92.12,1.0082,7
929,15,150,55,45,-19.3,-3.51,0.2238,0.2704,-84.89,1.008,11
930,10,30,65,30,-22.05,-4.07,0.2231,0.2819,-88.65,1.0077,595
931,12,20,55,30,-22.7,-4.2,0.2202,0.2751,-91.08,1.0076,312
932,5,20,55,30,-24.41,-4.56,0.2147,0.27,-91.41,1.0074,694
933,10,200,50,40,-19.48,-3.55,0.2081,0.2494,-73.42,1.0076,23
934,20,100,55,45,-26.36,-4.97,0.2046,0.2549,-90.21,1.0071,10
935,12,30,60,30,-27.11,-5.14,0.2037,0.2564,-89.76,1.007,396
936,12,20,70,35,-27.48,-5.21,0.2029,0.2569,-89.35,1.007,719
937,15,200,50,50,10.99,1.75,0.2028,0.1557,-50.08,1.0112,1
938,12,150,50,30,-26.65,-5.04,0.202,0.254,-89.56,1.007,11
939,12,150,50,40,-26.65,-5.04,0.202,0.254,-89.56,1.007,11
940,12,150,50,35,-26.65,-5.04,0.202,0.254,-89.56,1.007,11
941,10,200,50,35,-21.42,-3.94,0.2007,0.2405,-73.42,1.0073,24
942,5,30,65,35,-28.78,-5.5,0.1983,0.2523,-88.78,1.0068,869
943,20,200,65,35,-29.05,-5.56,0.194,0.2412,-89.98,1.0067,84
944,5,20,55,35,-29.74,-5.71,0.1939,0.2438,-92.9,1.0067,686
945,5,200,55,50,-29.49,-5.66,0.1908,0.2374,-92.9,1.0066,27
946,5,20,65,45,-30.46,-5.88,0.1906,0.2403,-95.61,1.0066,613
947,20,200,50,50,10.84,1.73,0.1904,0.1248,-50.08,1.0123,1
948,12,200,60,35,-30.69,-5.93,0.1866,0.2323,-93.69,1.0065,68
949,12,150,55,30,-31.18,-6.04,0.1853,0.2327,-90.96,1.0064,47
950,5,100,60,45,-31.52,-6.12,0.1842,0.2286,-96.17,1.0064,134
951,25,150,55,35,-31.36,-6.08,0.1832,0.2289,-93.09,1.0064,14
952,25,150,55,30,-32.27,-6.29,0.1794,0.2242,-93.09,1.0062,15
953,20,100,55,40,-33.71,-6.62,0.1745,0.2184,-91.48,1.006,16
954,8,20,70,35,-34.61,-6.84,0.1741,0.2206,-91.79,1.006,873
955,15,20,55,35,-34.27,-6.76,0.174,0.2168,-91.84,1.006,236
956,12,50,55,40,-34.63,-6.84,0.1714,0.2129,-90.52,1.0059,84
957,8,20,60,35,-35.13,-6.96,0.1713,0.2162,-92.51,1.0059,729
958,20,30,60,30,-34.99,-6.93,0.1709,0.2129,-91.66,1.0059,266
959,5,100,65,45,-34.9,-6.9,0.1698,0.211,-97.02,1.0059,150
960,12,20,55,35,-35.46,-7.04,0.1689,0.2109,-92.58,1.0058,306
961,10,30,60,35,-35.62,-7.08,0.1683,0.2123,-92.13,1.0058,448
962,12,50,70,30,-35.94,-7.16,0.1671,0.209,-93.64,1.0058,428
963,15,20,60,30,-36.88,-7.38,0.163,0.205,-91.89,1.0056,504
964,15,20,55,30,-38.04,-7.67,0.1572,0.1958,-91.42,1.0054,240
965,5,200,50,45,-37.63,-7.57,0.1557,0.1945,-91.42,1.0054,27
966,12,30,60,35,-39.04,-7.92,0.1528,0.1921,-91.44,1.0053,386
967,5,20,55,40,-40.5,-8.29,0.1464,0.1839,-95.31,1.005,636
968,20,100,55,35,-40.65,-8.33,0.1429,0.1784,-92.37,1.0049,18
969,5,30,60,35,-42.3,-8.76,0.1383,0.1746,-92.91,1.0048,765
970,10,20,60,30,-42.63,-8.85,0.1362,0.1727,-93.75,1.0047,657
971,12,20,60,40,-42.77,-8.88,0.1348,0.1702,-91.73,1.0046,441
972,5,30,70,35,-43.26,-9.02,0.1341,0.1701,-90.76,1.0046,899
973,5,30,60,30,-43.82,-9.16,0.1308,0.1656,-92.04,1.0045,783
974,12,75,50,50,-35.8,-7.12,0.1302,0.1543,-87.8,1.0048,5
975,20,50,55,30,-43.83,-9.17,0.1288,0.1618,-87.55,1.0044,44
976,8,20,60,30,-44.77,-9.42,0.1258,0.1592,-92.91,1.0043,761
977,8,50,50,45,-44.57,-9.37,0.1221,0.1527,-89.34,1.0042,23
978,10,20,70,30,-46.31,-9.85,0.1181,0.15,-91.57,1.0041,827
979,8,20,70,30,-47.85,-10.29,0.1102,0.14,-91.95,1.0038,923
980,12,150,55,35,-48.86,-10.58,0.1005,0.1258,-91.79,1.0035,45
981,5,20,70,35,-50.56,-11.08,0.096,0.122,-92.09,1.0033,1153
982,12,20,70,30,-50.34,-11.01,0.0958,0.1213,-92.2,1.0033,775
983,5,20,50,35,-50.09,-10.94,0.0951,0.1199,-91.32,1.0033,64
984,5,20,50,30,-50.09,-10.94,0.0951,0.1199,-91.32,1.0033,64
985,5,50,50,30,-49.88,-10.88,0.0948,0.1182,-90.55,1.0033,40
986,8,20,65,30,-51.1,-11.24,0.0917,0.1166,-93.63,1.0032,883
987,5,30,55,30,-51.55,-11.38,0.0877,0.1097,-91.42,1.003,444
988,5,50,50,35,-51.36,-11.32,0.0862,0.1075,-91.08,1.003,40
989,5,20,60,35,-52.36,-11.63,0.0848,0.1073,-93.5,1.0029,1025
990,10,20,65,30,-52.65,-11.72,0.0821,0.1043,-93.45,1.0028,777
991,12,20,60,35,-53.08,-11.85,0.0788,0.0995,-92.98,1.0027,563
992,5,30,55,35,-56.02,-12.8,0.0602,0.0751,-92.37,1.0021,440
993,5,30,70,30,-56.83,-13.07,0.057,0.0724,-92.97,1.002,945
994,12,200,55,45,-51.96,-11.5,0.0498,0.0596,-89.81,1.0018,20
995,5,30,65,30,-58.27,-13.56,0.0471,0.0599,-93.3,1.0016,907
996,5,20,70,30,-58.93,-13.79,0.0438,0.0556,-93.43,1.0015,1189
997,5,20,60,30,-59.44,-13.97,0.0394,0.0499,-93.52,1.0014,1053
998,12,20,65,35,-59.45,-13.97,0.0378,0.0478,-93.81,1.0013,677
999,8,20,50,50,-44.77,-9.42,0.0376,0.0433,-85.57,1.0014,7
1000,25,200,55,40,-54.64,-12.35,0.0323,0.0383,-82.13,1.0012,18
1001,25,50,55,45,-59.49,-13.99,0.032,0.0396,-95.45,1.0011,38
1002,15,20,65,30,-60.34,-14.29,0.0313,0.0395,-94.25,1.0011,629
1003,5,20,60,40,-61.92,-14.87,0.0207,0.0262,-95.26,1.0007,929
1004,25,100,50,50,0.0,0.0,0.0,0.0,0.0,inf,0
1005,25,30,50,50,0.0,0.0,0.0,0.0,0.0,inf,0
1006,20,100,50,50,0.0,0.0,0.0,0.0,0.0,inf,0
1007,25,150,50,50,0.0,0.0,0.0,0.0,0.0,inf,0
1008,20,75,50,50,0.0,0.0,0.0,0.0,0.0,inf,0
1009,25,200,50,50,0.0,0.0,0.0,0.0,0.0,inf,0
1010,20,30,50,50,0.0,0.0,0.0,0.0,0.0,inf,0
1011,15,30,50,50,0.0,0.0,0.0,0.0,0.0,inf,0
1012,10,30,50,50,0.0,0.0,0.0,0.0,0.0,inf,0
1013,25,75,50,50,0.0,0.0,0.0,0.0,0.0,inf,0
1014,25,50,50,50,0.0,0.0,0.0,0.0,0.0,inf,0
1015,5,20,65,35,-65.56,-16.28,-0.0065,-0.0083,-94.49,0.9998,1125
1016,12,50,50,45,-65.09,-16.09,-0.0106,-0.0134,-82.4,0.9996,11
1017,5,20,70,40,-66.21,-16.55,-0.0125,-0.0158,-94.77,0.9996,1035
1018,12,20,60,30,-67.19,-16.96,-0.0226,-0.0285,-95.09,0.9992,597
1019,5,20,65,30,-70.42,-18.38,-0.0492,-0.0625,-95.27,0.9983,1159
1020,12,200,50,30,-59.55,-14.01,-0.0663,-0.0774,-73.24,0.9975,11
1021,10,150,50,40,-72.99,-19.61,-0.0844,-0.1062,-87.08,0.9971,16
1022,25,50,55,30,-74.48,-20.36,-0.1,-0.1245,-90.64,0.9965,63
1023,10,150,50,30,-75.73,-21.03,-0.1151,-0.1449,-85.7,0.996,18
1024,25,50,55,35,-76.19,-21.28,-0.12,-0.1493,-90.82,0.9958,61
1025,12,20,65,30,-77.31,-21.91,-0.1267,-0.1599,-96.5,0.9957,725
1026,5,20,65,40,-77.5,-22.02,-0.1278,-0.1616,-96.7,0.9956,1009
1027,10,150,50,45,-78.79,-22.78,-0.1538,-0.1934,-86.81,0.9947,14
1028,20,200,50,45,-61.16,-14.59,-0.1571,-0.1697,-86.45,0.9937,3
1029,15,150,55,30,-79.21,-23.04,-0.1594,-0.1999,-93.77,0.9945,30
1030,25,200,55,30,-79.26,-23.07,-0.16,-0.2017,-88.99,0.9945,21
1031,12,50,55,30,-79.92,-23.48,-0.165,-0.2046,-95.67,0.9943,96
1032,12,200,55,30,-76.54,-21.47,-0.1687,-0.2022,-90.53,0.9939,38
1033,12,200,55,40,-77.7,-22.13,-0.1843,-0.2221,-91.18,0.9933,30
1034,10,150,50,35,-81.19,-24.31,-0.188,-0.2363,-88.28,0.9935,18
1035,12,50,55,35,-82.07,-24.91,-0.1973,-0.2447,-96.14,0.9932,94
1036,15,200,50,45,-71.19,-18.74,-0.2011,-0.2325,-88.23,0.9925,3
1037,15,150,55,35,-83.86,-26.22,-0.232,-0.2905,-94.91,0.992,30
1038,10,75,50,40,-83.91,-26.26,-0.2324,-0.2952,-93.99,0.992,13
1039,10,75,50,30,-85.09,-27.18,-0.2541,-0.3225,-94.87,0.9912,13
1040,10,75,50,35,-85.28,-27.34,-0.2579,-0.327,-94.94,0.9911,13
1041,15,200,55,30,-82.21,-25.01,-0.2929,-0.3427,-86.94,0.9893,24
1042,25,200,55,35,-86.96,-28.8,-0.2931,-0.3687,-89.56,0.9899,21
1043,12,75,50,45,-83.95,-26.29,-0.3013,-0.3594,-94.08,0.9891,10
1044,12,200,50,35,-79.78,-23.39,-0.3036,-0.3531,-85.85,0.9888,11
1045,12,200,50,40,-80.01,-23.54,-0.3233,-0.3743,-85.85,0.988,11
1046,20,50,50,45,-76.01,-21.18,-0.3269,-0.3605,-92.02,0.987,3
1047,10,75,50,50,-87.85,-29.63,-0.3306,-0.4047,-98.37,0.9882,5
1048,20,200,50,35,-81.5,-24.52,-0.3342,-0.3924,-89.55,0.9876,3
1049,20,200,50,30,-81.9,-24.79,-0.3417,-0.4014,-89.78,0.9874,3
1050,15,200,55,35,-85.05,-27.16,-0.3486,-0.4062,-88.83,0.9873,24
1051,15,200,55,40,-85.27,-27.34,-0.3535,-0.4127,-89.0,0.9871,22
1052,20,200,50,40,-81.56,-24.56,-0.3582,-0.4175,-89.55,0.9867,3
1053,12,200,55,35,-87.62,-29.41,-0.3637,-0.4355,-94.09,0.9869,36
1054,12,50,50,30,-90.07,-31.95,-0.3706,-0.4689,-93.2,0.9872,13
1055,12,50,50,40,-90.58,-32.55,-0.3857,-0.4881,-93.54,0.9867,13
1056,12,50,50,35,-90.75,-32.75,-0.3909,-0.4944,-93.66,0.9866,13
1057,10,75,50,45,-91.05,-33.13,-0.4004,-0.5078,-97.57,0.9862,8
1058,15,75,50,45,-84.24,-26.51,-0.4057,-0.4747,-92.42,0.985,7
1059,12,20,50,45,-91.63,-33.87,-0.4196,-0.5334,-96.54,0.9856,17
1060,15,150,50,45,-89.81,-31.67,-0.4213,-0.5113,-95.88,0.9848,5
1061,25,200,50,45,-82.08,-24.92,-0.4432,-0.4895,-93.54,0.9824,1
1062,8,200,50,50,-92.5,-35.07,-0.4516,-0.5606,-98.02,0.9844,10
1063,20,50,50,40,-86.66,-28.52,-0.4639,-0.5411,-91.95,0.9828,3
1064,15,50,50,45,-90.31,-32.23,-0.4644,-0.5569,-94.46,0.9832,6
1065,15,50,50,40,-90.31,-32.23,-0.4644,-0.5569,-94.46,0.9832,6
1066,12,200,50,45,-87.33,-29.14,-0.4827,-0.5597,-90.43,0.9821,9
1067,25,150,50,40,-88.31,-30.08,-0.4849,-0.5741,-93.54,0.9821,1
1068,25,150,50,35,-88.54,-30.31,-0.4908,-0.5814,-93.54,0.9819,1
1069,25,100,50,35,-88.45,-30.22,-0.4956,-0.5855,-93.54,0.9817,1
1070,25,100,50,40,-88.45,-30.22,-0.4956,-0.5855,-93.54,0.9817,1
1071,25,200,50,40,-88.51,-30.29,-0.4975,-0.5878,-93.54,0.9816,1
1072,25,150,50,45,-84.03,-26.35,-0.4986,-0.546,-93.54,0.9801,1
1073,20,100,50,35,-88.57,-30.35,-0.4992,-0.5898,-93.54,0.9816,1
1074,12,20,50,40,-93.89,-37.25,-0.504,-0.6452,-97.33,0.9828,17
1075,25,100,50,45,-88.55,-30.32,-0.5056,-0.5964,-93.54,0.9813,1
1076,20,100,50,45,-84.36,-26.61,-0.5057,-0.5546,-93.54,0.9798,1
1077,15,50,50,50,-91.75,-34.02,-0.5147,-0.6095,-96.35,0.9814,3
1078,8,20,50,45,-94.36,-38.09,-0.5327,-0.6711,-95.74,0.9817,29
1079,12,20,50,35,-94.49,-38.32,-0.5335,-0.6815,-97.55,0.9818,17
1080,12,20,50,30,-94.49,-38.32,-0.5335,-0.6815,-97.55,0.9818,17
1081,20,100,50,40,-88.77,-30.54,-0.5339,-0.6252,-93.54,0.9801,1
1082,8,20,50,35,-94.51,-38.36,-0.5345,-0.6803,-96.04,0.9818,31
1083,8,20,50,30,-94.51,-38.36,-0.5345,-0.6803,-96.04,0.9818,31
1084,8,20,50,40,-94.71,-38.74,-0.5451,-0.6923,-96.01,0.9814,31
1085,25,50,50,45,-89.25,-31.05,-0.5515,-0.6443,-93.54,0.9794,1
1086,15,100,50,30,-90.81,-32.83,-0.5667,-0.6651,-94.41,0.9792,5
1087,15,20,50,45,-95.36,-40.06,-0.5887,-0.7486,-96.55,0.9798,7
1088,15,20,50,40,-95.62,-40.64,-0.5989,-0.7672,-96.73,0.9796,7
1089,20,150,50,30,-95.51,-40.4,-0.5991,-0.7631,-96.85,0.9794,3
1090,20,150,50,40,-95.51,-40.4,-0.5991,-0.7631,-96.85,0.9794,3
1091,20,150,50,35,-95.51,-40.4,-0.5991,-0.7631,-96.85,0.9794,3
1092,15,200,50,30,-91.67,-33.93,-0.6076,-0.7141,-95.28,0.9776,3
1093,15,200,50,35,-91.71,-33.98,-0.6101,-0.7167,-95.28,0.9775,3
1094,8,200,50,40,-95.71,-40.85,-0.6117,-0.758,-97.3,0.979,24
1095,15,200,50,40,-91.63,-33.87,-0.6362,-0.7423,-95.28,0.9764,3
1096,10,20,50,45,-96.61,-43.13,-0.6791,-0.8716,-97.48,0.9767,17
1097,15,100,50,45,-92.91,-35.67,-0.6944,-0.8058,-95.26,0.9743,5
1098,15,100,50,40,-93.43,-36.48,-0.7002,-0.8188,-95.82,0.9742,5
1099,8,75,50,30,-96.92,-44.02,-0.7055,-0.8782,-97.39,0.9759,25
1100,15,100,50,35,-93.9,-37.27,-0.7062,-0.827,-95.78,0.9741,5
1101,8,200,50,30,-97.05,-44.42,-0.7188,-0.8918,-97.58,0.9753,31
1102,8,200,50,45,-97.17,-44.79,-0.7303,-0.9012,-99.02,0.9749,20
1103,10,20,50,40,-97.47,-45.84,-0.7558,-0.9757,-98.11,0.9743,19
1104,20,150,55,35,-97.43,-45.67,-0.7582,-0.964,-98.05,0.974,20
1105,8,75,50,35,-97.54,-46.09,-0.7704,-0.9594,-97.92,0.9737,25
1106,10,20,50,30,-97.63,-46.43,-0.7743,-0.9969,-98.23,0.9737,19
1107,10,20,50,35,-97.63,-46.43,-0.7743,-0.9969,-98.23,0.9737,19
1108,15,20,50,35,-97.67,-46.57,-0.779,-1.0006,-98.26,0.9735,7
1109,15,20,50,30,-97.67,-46.57,-0.779,-1.0006,-98.26,0.9735,7
1110,8,200,50,35,-97.72,-46.74,-0.7921,-0.9811,-98.02,0.9728,31
1111,8,30,50,45,-97.77,-46.95,-0.7986,-1.0206,-98.45,0.9727,3
1112,15,150,50,40,-97.76,-46.93,-0.7988,-1.0187,-98.41,0.9726,7
1113,15,150,50,30,-97.76,-46.93,-0.7988,-1.0187,-98.41,0.9726,7
1114,15,150,50,35,-97.76,-46.93,-0.7988,-1.0187,-98.41,0.9726,7
1115,8,30,50,40,-97.9,-47.47,-0.808,-1.0402,-98.54,0.9726,3
1116,8,75,50,45,-97.86,-47.34,-0.8107,-1.0097,-98.6,0.9723,18
1117,20,150,55,30,-97.9,-47.47,-0.8162,-1.0379,-98.05,0.9721,20
1118,20,50,50,30,-98.08,-48.28,-0.8424,-1.0755,-98.66,0.9712,3
1119,20,50,50,35,-98.09,-48.29,-0.8427,-1.0755,-98.66,0.9712,3
1120,20,150,55,40,-98.15,-48.59,-0.8533,-1.082,-98.69,0.9708,19
1121,8,75,50,40,-98.18,-48.73,-0.8565,-1.0646,-98.34,0.9708,25
1122,25,200,50,35,-98.44,-50.03,-0.9022,-1.1572,-98.92,0.9692,1
1123,25,200,50,30,-98.44,-50.03,-0.9022,-1.1572,-98.92,0.9692,1
1124,25,150,50,30,-98.45,-50.06,-0.9031,-1.1584,-98.92,0.9691,1
1125,20,30,50,45,-98.45,-50.09,-0.9035,-1.1608,-98.93,0.9692,1
1126,25,30,50,45,-98.45,-50.07,-0.9037,-1.1575,-98.91,0.9691,1
1127,10,30,50,45,-98.45,-50.07,-0.9038,-1.1577,-98.91,0.9691,1
1128,25,75,50,30,-98.46,-50.1,-0.9039,-1.1613,-98.93,0.9692,1
1129,20,75,50,35,-98.46,-50.1,-0.9039,-1.1613,-98.93,0.9692,1
1130,20,75,50,45,-98.46,-50.1,-0.9039,-1.1613,-98.93,0.9692,1
1131,25,75,50,35,-98.46,-50.1,-0.9039,-1.1613,-98.93,0.9692,1
1132,25,75,50,40,-98.46,-50.1,-0.9039,-1.1613,-98.93,0.9692,1
1133,25,75,50,45,-98.46,-50.1,-0.9039,-1.1613,-98.93,0.9692,1
1134,20,75,50,30,-98.46,-50.1,-0.9039,-1.1613,-98.93,0.9692,1
1135,20,75,50,40,-98.46,-50.1,-0.9039,-1.1613,-98.93,0.9692,1
1136,25,50,50,40,-98.46,-50.14,-0.9055,-1.1625,-98.93,0.9691,1
1137,25,50,50,35,-98.46,-50.14,-0.9055,-1.1625,-98.93,0.9691,1
1138,25,50,50,30,-98.46,-50.15,-0.9058,-1.1634,-98.93,0.9691,1
1139,25,100,50,30,-98.46,-50.15,-0.9058,-1.1634,-98.93,0.9691,1
1140,20,100,50,30,-98.46,-50.15,-0.9058,-1.1634,-98.93,0.9691,1
1141,25,30,50,35,-98.47,-50.18,-0.9063,-1.1648,-98.93,0.9691,1
1142,20,30,50,35,-98.47,-50.18,-0.9063,-1.1648,-98.93,0.9691,1
1143,25,30,50,30,-98.47,-50.18,-0.9063,-1.1648,-98.93,0.9691,1
1144,20,30,50,40,-98.47,-50.18,-0.9063,-1.1648,-98.93,0.9691,1
1145,20,30,50,30,-98.47,-50.18,-0.9063,-1.1648,-98.93,0.9691,1
1146,25,30,50,40,-98.47,-50.18,-0.9063,-1.1648,-98.93,0.9691,1
1147,15,30,50,35,-98.53,-50.53,-0.9106,-1.1785,-98.98,0.9691,1
1148,15,30,50,45,-98.53,-50.53,-0.9106,-1.1785,-98.98,0.9691,1
1149,15,30,50,30,-98.53,-50.53,-0.9106,-1.1785,-98.98,0.9691,1
1150,15,30,50,40,-98.53,-50.53,-0.9106,-1.1785,-98.98,0.9691,1
1151,10,30,50,40,-98.54,-50.57,-0.912,-1.1803,-98.98,0.9691,1
1152,10,30,50,35,-98.54,-50.57,-0.912,-1.1803,-98.98,0.9691,1
1153,10,30,50,30,-98.54,-50.57,-0.912,-1.1803,-98.98,0.9691,1
1154,5,30,50,45,-98.55,-50.65,-0.9146,-1.179,-99.06,0.969,9
1155,12,30,50,30,-98.67,-51.34,-0.9389,-1.2108,-99.08,0.9682,3
1156,12,30,50,45,-98.67,-51.34,-0.9389,-1.2108,-99.08,0.9682,3
1157,12,30,50,40,-98.67,-51.34,-0.9389,-1.2108,-99.08,0.9682,3
1158,12,30,50,35,-98.67,-51.34,-0.9389,-1.2108,-99.08,0.9682,3
1159,5,30,50,40,-98.7,-51.51,-0.9448,-1.2173,-99.11,0.968,9
1160,5,30,50,30,-98.7,-51.51,-0.9448,-1.2173,-99.11,0.968,9
1161,5,30,50,35,-98.7,-51.51,-0.9448,-1.2173,-99.11,0.968,9
1162,15,50,50,30,-98.66,-51.29,-0.9454,-1.1921,-98.96,0.9677,7
1163,15,50,50,35,-98.66,-51.29,-0.9454,-1.1921,-98.96,0.9677,7
1164,8,30,50,35,-98.88,-52.7,-0.9872,-1.2742,-99.22,0.9666,3
1165,8,30,50,30,-98.88,-52.7,-0.9872,-1.2742,-99.22,0.9666,3
1166,10,50,50,40,-98.86,-52.6,-0.992,-1.2695,-99.2,0.9662,19
1167,10,50,50,35,-98.9,-52.87,-1.0017,-1.281,-99.22,0.9659,19
1168,12,75,50,35,-98.93,-53.05,-1.0082,-1.2735,-99.25,0.9657,11
1169,12,75,50,30,-98.93,-53.05,-1.0082,-1.2735,-99.25,0.9657,11
1170,15,75,50,40,-99.0,-53.6,-1.0286,-1.3161,-99.31,0.965,7
1171,15,75,50,35,-99.0,-53.6,-1.0286,-1.3161,-99.31,0.965,7
1172,15,75,50,30,-99.0,-53.6,-1.0286,-1.3161,-99.31,0.965,7
1173,10,50,50,45,-99.09,-54.31,-1.0552,-1.3495,-99.27,0.9641,19
1174,12,75,50,40,-99.1,-54.37,-1.0574,-1.3358,-99.37,0.964,11
1175,10,50,50,30,-99.11,-54.51,-1.0625,-1.3516,-99.37,0.9639,19
